Time,Gyro.x,Gyro.y,Gyro.z,KalmanGyro.x,KalmanGyro.y,KalmanGyro.z,Accel.x,Accel.y,Accel.z,EarthRelVel.x,EarthRelAccel.x,FilteredEarthRelVel.x,EarthRelPos.x,BarometerAltitude,ypr.x,ypr.y,ypr.z
0,-0.28,-21.12,-1.92,0,0,0,0.49,16.96,0.76,0,0,0,0,0.05,0,0,0
0.02,-2.53,-23.62,-2.61,-21.8,-0.26,-0.27,0.33,19.34,0.59,0.1,0.1,0,0.05,0.05,-0.26,0,0
0.03,-3.66,-23.62,-3.17,-23.62,-0.92,-0.9,0.77,20.5,0.72,0.25,0.42,0,0.05,0.05,-0.6,-0.01,-0.01
0.05,-7.78,-27.87,-3.98,-26.37,-2.43,-1.77,-1.01,22.31,0.54,0.46,1.01,0.03,0.05,0.05,-1.04,-0.04,-0.03
0.07,-9.78,-28.8,-4.29,-28.8,-4.69,-2.6,0.91,24.59,0.47,0.67,1.88,0.07,0.05,0.05,-1.45,-0.1,-0.07
0.08,-12.91,-31.43,-5.11,-30.74,-7.19,-3.25,-1.03,26.41,0.97,0.93,3.03,0.15,0.05,0.04,-1.95,-0.2,-0.11
0.1,-15.72,-33.55,-5.86,-33.55,-9.86,-4.08,0.11,28.17,0.64,1.21,4.44,0.26,0.06,0.04,-2.42,-0.33,-0.16
0.11,-19.16,-38.43,-7.11,-35.18,-12.47,-5.03,-0.78,29.83,1.15,1.49,5.97,0.39,0.06,0.03,-2.92,-0.5,-0.22
0.13,-23.28,-38.24,-7.42,-38.24,-15.79,-5.86,-0.74,30.67,0.82,1.79,7.58,0.57,0.06,0.03,-3.49,-0.71,-0.29
0.14,-24.41,-36.3,-7.73,-36.3,-18.93,-6.52,0.17,31.29,-0.6,2.19,9.22,0.82,0.07,0.03,-4.17,-1.03,-0.38
0.16,-22.28,-36.93,-7.11,-36.93,-20.52,-6.84,-0.25,28.09,-0.57,2.43,10.51,1.02,0.07,0.03,-4.65,-1.3,-0.45
0.17,-22.59,-32.12,-5.86,-32.12,-21.31,-6.67,0.59,21.07,-1.01,2.64,11.09,1.24,0.09,0.03,-5.19,-1.63,-0.53
0.19,-20.09,-31.99,-4.73,-31.99,-21.05,-6.04,-0.18,17.84,-1.1,2.77,10.8,1.4,0.1,0.04,-5.71,-1.98,-0.6
0.2,-16.09,-25.05,-3.42,-29.93,-20.35,-5.38,1.04,14.2,-0.7,2.83,10.19,1.48,0.1,0.04,-6.07,-2.23,-0.64
0.22,-13.78,-22.55,-2.86,-22.55,-18.52,-4.59,-0.04,13.22,-0.86,2.88,9.37,1.57,0.11,0.04,-6.43,-2.51,-0.68
0.24,-10.53,-21.43,-2.04,-21.43,-16.13,-3.78,0.76,12.43,-0.97,2.94,8.52,1.69,0.13,0.04,-6.89,-2.88,-0.72
0.25,-8.03,-19.37,-1.29,-19.37,-13.54,-2.98,1.04,12.14,-0.3,2.97,7.72,1.73,0.13,0.05,-7.14,-3.06,-0.74
0.26,-3.97,-16.3,-0.73,-17.3,-10.75,-2.3,0.37,11.52,-0.97,3,6.96,1.77,0.14,0.05,-7.4,-3.23,-0.75
0.28,0.28,-13.37,-0.17,-15.3,-7.88,-1.67,0.5,11.05,-0.25,3.02,6.23,1.82,0.16,0.05,-7.68,-3.4,-0.77
0.29,2.16,-12.3,-0.11,-13.37,-4.87,-1.12,-0.05,10.69,-0.74,3.04,5.56,1.85,0.17,0.08,-7.85,-3.47,-0.77
0.31,3.84,-9.49,-0.23,-9.49,-2.08,-0.76,0.72,10.56,-0.9,3.05,4.93,1.87,0.17,0.08,-7.99,-3.51,-0.78
0.33,7.78,-6.55,-0.11,-6.55,0.88,-0.5,-0.2,10.25,-0.25,3.06,4.34,1.91,0.19,0.04,-8.15,-3.52,-0.79
0.34,8.59,-4.37,-0.23,-4.37,3.6,-0.38,0.39,10.15,-0.56,3.07,3.81,1.92,0.19,0.04,-8.23,-3.49,-0.8
0.35,10.97,-3.93,-0.48,-3.93,5.56,-0.36,0.08,10.22,0.02,3.07,3.35,1.92,0.19,0.04,-8.28,-3.43,-0.81
0.37,11.53,-3.05,-0.73,-3.05,7.67,-0.46,0.51,9.75,0.05,3.07,2.94,1.94,0.2,0.1,-8.34,-3.3,-0.84
0.38,12.59,-2.3,-1.17,-2.3,9.32,-0.65,0.14,9.83,0.28,3.08,2.54,1.96,0.22,0.1,-8.38,-3.18,-0.87
0.4,12.78,-1.49,-1.54,-1.49,10.57,-0.92,-0.06,9.83,0.32,3.08,2.21,1.96,0.23,0.15,-8.4,-3.06,-0.89
0.41,11.78,-1.12,-1.98,-1.12,11.2,-1.26,0.32,9.51,0.71,3.07,1.9,1.97,0.25,0.15,-8.42,-2.87,-0.94
0.43,10.91,-0.05,-2.86,-0.68,11.32,-1.6,-0.01,9.61,0.52,3.07,1.62,1.97,0.26,0.21,-8.43,-2.69,-0.99
0.44,8.97,0.32,-2.79,-0.05,11.17,-2.07,0.35,9.43,1.06,3.07,1.38,1.97,0.28,0.21,-8.43,-2.55,-1.04
0.46,8.53,0.63,-3.11,0.63,10.27,-2.4,0.03,9.37,0.6,3.06,1.14,1.98,0.3,0.28,-8.42,-2.38,-1.1
0.48,5.28,0.38,-3.36,0.38,9.03,-2.71,0.29,9.33,0.87,3.06,0.94,1.98,0.32,0.28,-8.41,-2.25,-1.16
0.49,3.78,0.76,-3.42,0.76,7.34,-2.96,0.23,9.27,1.19,3.05,0.74,1.98,0.34,0.28,-8.4,-2.14,-1.22
0.5,0.53,1.2,-3.54,1.2,5.39,-3.17,0.29,9.27,0.76,3.04,0.58,1.98,0.36,0.28,-8.38,-2.04,-1.28
0.52,-2.78,1.63,-3.54,1.13,3.26,-3.35,0.19,9.08,1.24,3.03,0.43,1.98,0.37,0.28,-8.36,-1.99,-1.34
0.53,-4.47,2.32,-3.61,2.32,0.84,-3.43,0.32,9.15,0.81,3.02,0.28,1.97,0.4,0.36,-8.34,-1.97,-1.39
0.55,-6.22,2.01,-3.48,2.01,-1.48,-3.47,0.45,9.05,0.63,3.01,0.15,1.97,0.42,0.36,-8.3,-1.99,-1.44
0.56,-8.97,2.95,-3.17,2.32,-3.64,-3.44,0.33,9,0.93,3,0.03,1.96,0.43,0.36,-8.28,-2.03,-1.48
0.58,-10.28,3.76,-3.04,3.76,-5.88,-3.31,0.38,9.05,0.53,2.99,-0.07,1.96,0.46,0.44,-8.23,-2.11,-1.52
0.59,-12.84,6.38,-2.61,6.38,-8.04,-3.14,0.39,9.03,0.79,2.98,-0.16,1.96,0.49,0.44,-8.15,-2.24,-1.56
0.61,-13.09,7.38,-2.29,7.38,-9.84,-2.91,0.37,8.86,0.52,2.97,-0.25,1.95,0.51,0.46,-8.08,-2.35,-1.58
0.62,-14.16,8.95,-1.79,7.82,-11.32,-2.57,0.33,8.94,0.12,2.96,-0.33,1.95,0.53,0.46,-7.96,-2.54,-1.6
0.64,-14.66,11.2,-1.42,11.2,-12.47,-2.21,0.41,9.01,0.44,2.95,-0.38,1.94,0.56,0.56,-7.8,-2.73,-1.61
0.65,-14.59,13.26,-1.04,13.26,-13.26,-1.81,0.32,8.89,-0.17,2.94,-0.44,1.94,0.58,0.56,-7.66,-2.89,-1.61
0.67,-13.91,15.51,-0.54,15.51,-13.7,-1.41,0.43,8.95,-0.07,2.92,-0.5,1.94,0.6,0.56,-7.46,-3.08,-1.61
0.69,-12.97,20.32,0.21,20.32,-13.63,-1,0.31,8.81,-0.01,2.91,-0.55,1.93,0.64,0.64,-7.1,-3.37,-1.6
0.7,-12.53,22.51,0.21,22.51,-13.29,-0.55,0.33,8.78,-0.26,2.89,-0.6,1.93,0.66,0.64,-6.85,-3.53,-1.58
0.71,-10.28,25.63,0.71,23.26,-12.65,-0.2,0.44,8.72,0.06,2.88,-0.65,1.92,0.68,0.68,-6.54,-3.71,-1.57
0.73,-9.66,28.76,1.02,28.76,-11.64,0.2,0.24,9.01,-0.29,2.86,-0.7,1.91,0.71,0.68,-6.06,-3.92,-1.54
0.74,-7.78,31.82,1.27,30.7,-10.63,0.56,0.38,8.92,-0.4,2.85,-0.7,1.91,0.74,0.79,-5.67,-4.07,-1.52
0.75,-7.41,34.76,1.58,34.76,-9.54,0.85,0.24,8.74,0.02,2.84,-0.72,1.91,0.77,0.79,-5.29,-4.18,-1.5
0.77,-4.53,39.01,1.83,37.26,-8.29,1.18,0.16,8.75,-0.47,2.83,-0.76,1.91,0.8,0.79,-4.65,-4.34,-1.47
0.79,-3.28,39.57,1.83,39.57,-6.76,1.42,0.35,8.77,-0.52,2.81,-0.79,1.9,0.83,0.85,-4.1,-4.44,-1.44
0.8,-2.28,41.45,1.77,41.45,-5.27,1.56,0.14,8.72,0.11,2.8,-0.81,1.9,0.86,0.85,-3.62,-4.51,-1.42
0.81,0.34,44.38,1.77,43.32,-3.8,1.64,0.16,8.7,-0.48,2.78,-0.84,1.9,0.89,1,-2.96,-4.57,-1.39
0.83,1.41,45.13,1.58,45.13,-2.05,1.65,0.22,8.62,-0.42,2.77,-0.87,1.9,0.93,1,-2.31,-4.61,-1.37
0.84,4.03,47.88,1.21,46.82,-0.35,1.6,-0.04,8.56,-0.08,2.75,-0.92,1.89,0.96,1,-1.68,-4.63,-1.34
0.86,4.91,48.45,0.96,48.45,1.45,1.4,0.15,8.53,-0.22,2.73,-0.95,1.89,1.01,1.08,-0.92,-4.62,-1.32
0.87,7.03,50.07,0.58,49.2,2.98,1.13,-0.04,8.64,0.19,2.72,-0.97,1.89,1.04,1.08,-0.16,-4.58,-1.3
0.89,7.72,50.82,0.21,50.82,4.62,0.85,0.01,8.72,0,2.7,-0.98,1.89,1.09,1.25,0.55,-4.52,-1.29
0.9,8.53,51.13,-0.11,51.13,5.94,0.55,0.14,8.86,-0.23,2.69,-0.97,1.9,1.13,1.25,1.16,-4.46,-1.28
0.92,9.97,52.13,-0.67,52.13,7.18,0.2,-0.06,8.67,0.36,2.68,-0.97,1.9,1.18,1.4,1.98,-4.35,-1.27
0.93,10.72,53.51,-1.04,52.2,8.29,-0.15,0.18,8.82,-0.08,2.66,-0.96,1.91,1.23,1.4,2.82,-4.23,-1.27
0.94,10.59,53.32,-1.04,53.51,9.19,-0.48,0.03,8.83,0.44,2.65,-0.95,1.91,1.28,1.4,3.48,-4.12,-1.26
0.96,10.91,54.13,-1.29,54.13,9.77,-0.74,0.15,8.83,0.3,2.64,-0.96,1.92,1.34,1.47,4.34,-3.96,-1.26
0.98,10.78,54.13,-1.29,54.13,10.18,-0.95,0.15,8.75,0.23,2.62,-0.95,1.92,1.38,1.47,5.16,-3.81,-1.26
0.99,10.53,54.63,-1.42,54.63,10.35,-1.1,0.03,8.74,0.71,2.61,-0.96,1.92,1.43,1.61,5.92,-3.67,-1.26
1,9.59,54.95,-1.54,55.13,10.33,-1.22,0.18,8.64,0.44,2.59,-0.97,1.92,1.48,1.61,6.73,-3.51,-1.26
1.02,9.22,55.32,-1.54,55.32,10.01,-1.34,0.17,8.63,0.38,2.58,-0.99,1.93,1.52,1.61,7.46,-3.38,-1.27
1.03,8.03,54.82,-1.48,55.2,9.56,-1.38,0.15,8.48,0.81,2.56,-1.03,1.93,1.57,1.75,8.35,-3.22,-1.27
1.05,7.09,54.82,-1.54,54.82,8.8,-1.43,0.28,8.54,0.54,2.54,-1.05,1.93,1.63,1.75,9.21,-3.08,-1.27
1.06,6.22,54.76,-1.11,54.76,7.99,-1.38,0.16,8.6,0.94,2.52,-1.08,1.93,1.68,1.89,9.9,-2.97,-1.27
1.08,4.34,54.2,-0.73,54.2,6.94,-1.23,0.3,8.6,0.74,2.5,-1.09,1.94,1.74,1.89,10.7,-2.86,-1.27
1.09,3.16,53.7,-0.61,53.7,5.73,-1.02,0.21,8.51,0.64,2.49,-1.1,1.93,1.79,1.94,11.52,-2.76,-1.26
1.1,1.41,53.63,-0.23,53.88,4.62,-0.81,0.16,8.38,0.94,2.47,-1.12,1.94,1.83,1.94,12.17,-2.7,-1.26
1.12,0.34,53.45,-0.11,53.45,3.31,-0.58,0.22,8.48,0.68,2.45,-1.15,1.93,1.87,1.94,12.87,-2.65,-1.26
1.13,-1.28,53.63,0.14,53.45,1.98,-0.39,0.11,8.43,0.75,2.43,-1.17,1.93,1.92,2.07,13.87,-2.6,-1.26
1.15,-2.03,53.07,0.27,53.07,0.69,-0.18,0.18,8.36,0.87,2.41,-1.19,1.92,1.96,2.07,14.51,-2.59,-1.26
1.16,-2.91,52.82,0.21,52.82,-0.5,-0.03,0.22,8.48,0.66,2.4,-1.21,1.92,2,2.07,15.13,-2.59,-1.26
1.18,-4.09,53.26,0.52,53.26,-1.56,0.14,0.16,8.48,0.55,2.37,-1.22,1.91,2.05,2.18,16.07,-2.61,-1.26
1.19,-4.22,53.13,0.52,53.13,-2.52,0.28,0.2,8.37,0.74,2.36,-1.24,1.91,2.1,2.18,16.81,-2.64,-1.27
1.2,-4.72,53.32,0.64,53.32,-3.3,0.4,0.01,8.47,0.22,2.34,-1.25,1.91,2.14,2.28,17.44,-2.67,-1.27
1.22,-5.22,54.45,0.77,54.45,-3.95,0.53,0.22,8.49,0.51,2.32,-1.25,1.9,2.18,2.28,18.37,-2.74,-1.29
1.24,-5.22,55.32,0.96,54.51,-4.42,0.66,-0.07,8.47,0.4,2.3,-1.26,1.89,2.23,2.39,19.24,-2.8,-1.3
1.25,-5.16,55.7,1.02,55.7,-4.71,0.77,0,8.43,0.15,2.28,-1.26,1.89,2.27,2.39,19.91,-2.86,-1.31
1.26,-5.03,56.45,0.89,56.32,-4.89,0.83,-0.1,8.37,0.49,2.26,-1.27,1.89,2.32,2.39,20.8,-2.94,-1.32
1.28,-4.72,56.95,0.83,56.95,-4.91,0.84,-0.05,8.46,0.28,2.24,-1.28,1.88,2.36,2.48,21.59,-3,-1.34
1.29,-4.16,56.88,0.77,56.88,-4.72,0.83,0.13,8.46,-0.08,2.22,-1.28,1.87,2.4,2.48,22.39,-3.07,-1.35
1.31,-3.72,57.32,0.83,57.32,-4.48,0.81,-0.23,8.46,0.51,2.2,-1.29,1.87,2.45,2.58,23.31,-3.15,-1.37
1.32,-2.78,58.7,0.71,57.76,-4.04,0.82,0.23,8.54,-0.22,2.18,-1.3,1.86,2.49,2.58,24.19,-3.21,-1.38
1.34,-2.47,59.45,0.96,59.45,-3.54,0.8,-0.32,8.37,0.45,2.16,-1.29,1.85,2.53,2.68,25.02,-3.26,-1.39
1.35,-1.72,60.26,0.96,60.26,-2.99,0.86,-0.17,8.43,0.33,2.14,-1.3,1.85,2.58,2.68,25.9,-3.31,-1.4
1.37,-0.66,61.38,0.83,60.7,-2.35,0.88,0.1,8.43,-0.29,2.13,-1.3,1.84,2.61,2.68,26.71,-3.35,-1.41
1.38,-0.03,62.07,0.83,62.07,-1.6,0.86,-0.32,8.36,0.39,2.11,-1.31,1.83,2.65,2.77,27.57,-3.38,-1.41
1.4,0.59,62.26,0.64,62.26,-0.9,0.82,0.19,8.41,-0.04,2.08,-1.32,1.82,2.7,2.77,28.68,-3.4,-1.41
1.41,0.72,62.13,0.96,62.13,-0.34,0.79,-0.29,8.37,0.01,2.07,-1.32,1.81,2.73,2.95,29.42,-3.41,-1.4
1.42,1.97,63.51,0.96,63.13,0.21,0.84,0.15,8.3,0.27,2.05,-1.33,1.81,2.78,2.95,30.34,-3.42,-1.39
1.44,2.09,64.26,1.14,64.26,0.89,0.92,0.11,8.29,-0.02,2.02,-1.35,1.8,2.84,2.95,31.43,-3.42,-1.37
1.45,2.78,64.88,1.46,64.88,1.47,1.07,-0.28,8.35,0.13,2,-1.36,1.8,2.89,3.05,32.19,-3.41,-1.36
1.47,3.34,65.57,1.64,65.45,2.07,1.26,0.11,8.27,0.2,1.98,-1.37,1.8,2.93,3.05,33.05,-3.4,-1.33
1.48,3.91,66.2,2.21,65.95,2.59,1.46,-0.21,8.32,0.11,1.96,-1.39,1.78,2.98,3.13,34.26,-3.38,-1.28
1.5,3.91,66.51,2.33,66.2,3.08,1.73,-0.01,8.24,0.3,1.94,-1.4,1.78,3.02,3.13,35.05,-3.36,-1.25
1.51,3.91,66.45,2.14,66.45,3.38,1.93,0.01,8.23,0.31,1.92,-1.41,1.77,3.06,3.13,35.85,-3.34,-1.21
1.52,4.34,66.88,2.52,66.76,3.65,2.1,-0.1,8.26,0.05,1.9,-1.42,1.76,3.1,3.2,36.97,-3.31,-1.14
1.54,4.16,66.63,2.58,66.63,3.89,2.26,0,8.16,0.3,1.87,-1.44,1.74,3.14,3.2,37.91,-3.29,-1.09
1.55,4.34,66.82,2.71,66.82,4.03,2.41,-0.16,8.23,0.45,1.86,-1.45,1.73,3.17,3.35,38.72,-3.27,-1.03
1.57,4.34,66.63,2.96,66.63,4.19,2.58,-0.06,8.33,0.1,1.83,-1.46,1.72,3.23,3.35,39.88,-3.24,-0.96
1.58,4.16,66.88,3.14,66.82,4.2,2.7,-0.28,8.37,0.48,1.81,-1.45,1.71,3.27,3.44,40.96,-3.22,-0.88
1.6,4.28,66.88,3.27,66.88,4.18,2.87,-0.26,8.37,0.21,1.79,-1.44,1.7,3.31,3.44,41.76,-3.2,-0.82
1.61,3.84,66.51,3.27,66.51,4.17,3.02,-0.18,8.3,0.23,1.77,-1.44,1.7,3.35,3.44,42.56,-3.19,-0.76
1.62,3.72,66.38,3.39,66.57,4.01,3.07,-0.36,8.33,0.46,1.75,-1.43,1.69,3.39,3.52,43.67,-3.17,-0.68
1.64,3.53,66.51,3.33,66.51,3.88,3.18,-0.27,8.29,-0.04,1.73,-1.43,1.67,3.43,3.52,44.61,-3.16,-0.61
1.65,3.34,66.01,3.14,66.01,3.72,3.2,-0.27,8.23,0.21,1.71,-1.44,1.66,3.46,3.52,45.41,-3.16,-0.55
1.67,3.22,65.26,2.83,65.26,3.55,3.11,-0.38,8.25,0.38,1.69,-1.45,1.64,3.51,3.6,46.55,-3.16,-0.46
1.68,2.91,64.76,2.71,65.01,3.36,2.95,-0.36,8.27,0.24,1.66,-1.45,1.63,3.54,3.6,47.6,-3.15,-0.39
1.7,2.91,64.26,2.52,64.76,3.19,2.86,-0.41,8.25,0.5,1.64,-1.46,1.62,3.58,3.74,48.38,-3.15,-0.34
1.71,2.47,64.13,2.39,64.13,3,2.71,-0.33,8.22,0.3,1.62,-1.47,1.61,3.63,3.74,49.33,-3.15,-0.28
1.73,2.28,63.13,2.02,63.13,2.78,2.49,-0.39,8.2,0.23,1.6,-1.47,1.6,3.67,3.81,50.31,-3.16,-0.22
1.74,2.16,62.7,1.89,62.7,2.57,2.29,-0.35,8.16,0.41,1.58,-1.49,1.59,3.71,3.81,51.19,-3.16,-0.17
1.76,2.03,61.76,1.52,62.32,2.33,2.09,-0.35,8.12,0.02,1.55,-1.5,1.57,3.75,3.81,52.19,-3.16,-0.11
1.77,1.84,61.26,1.33,61.26,2.18,1.84,-0.37,8.12,0.18,1.53,-1.52,1.56,3.78,3.88,52.98,-3.16,-0.08
1.79,1.78,60.2,0.96,60.88,2,1.61,-0.24,8.11,0.06,1.5,-1.53,1.54,3.81,3.88,53.98,-3.17,-0.03
1.8,1.66,60.01,0.83,60.01,1.89,1.35,-0.38,8.2,-0.06,1.48,-1.54,1.52,3.86,3.94,54.94,-3.17,0
1.82,1.59,59.38,0.58,59.76,1.75,1.08,-0.24,8.22,0.21,1.46,-1.54,1.51,3.88,3.94,55.72,-3.17,0.03
1.83,1.66,58.57,0.46,58.57,1.7,0.88,-0.36,8.25,0.06,1.44,-1.54,1.49,3.91,4.07,56.54,-3.16,0.06
1.86,1.03,56.7,-0.48,56.7,1.54,0.48,-0.41,8.27,0.34,1.39,-1.53,1.45,3.97,4.07,58.19,-3.16,0.11
1.87,0.84,55.7,-0.79,55.7,1.31,0.06,-0.45,8.27,0.07,1.37,-1.53,1.44,4.01,4.14,58.99,-3.15,0.13
1.89,0.59,53.63,-1.67,54.57,1.1,-0.38,-0.44,8.25,0.23,1.35,-1.52,1.43,4.05,4.14,59.86,-3.14,0.15
1.9,0.78,52.7,-1.98,52.7,0.95,-0.92,-0.36,8.25,0.26,1.33,-1.52,1.41,4.08,4.21,60.65,-3.12,0.15
1.91,0.59,51.2,-2.54,51.95,0.85,-1.39,-0.43,8.23,-0.02,1.31,-1.52,1.41,4.12,4.21,61.32,-3.1,0.16
1.93,0.41,50.26,-2.86,50.26,0.74,-1.85,-0.36,8.23,0.14,1.29,-1.52,1.39,4.15,4.21,62.03,-3.07,0.16
1.95,0.53,48.76,-3.42,49.7,0.63,-2.33,-0.45,8.2,-0.04,1.26,-1.52,1.37,4.18,4.26,62.9,-3.04,0.15
1.96,0.41,47.95,-3.79,47.95,0.58,-2.77,-0.42,8.17,0.08,1.24,-1.52,1.35,4.21,4.26,63.47,-3.01,0.14
1.97,0.03,46.82,-3.92,46.82,0.44,-3.18,-0.15,8.14,0.04,1.22,-1.53,1.34,4.24,4.33,64.18,-2.96,0.13
1.99,-0.03,45.07,-4.36,45.07,0.27,-3.57,-0.4,8.15,-0.14,1.19,-1.54,1.31,4.27,4.33,64.99,-2.91,0.11
2,-0.09,44.2,-4.48,44.2,0.15,-3.89,-0.33,8.09,-0.01,1.17,-1.56,1.29,4.3,4.4,65.53,-2.86,0.09
2.02,-0.09,43.01,-4.73,43.51,-0.01,-4.16,-0.09,8.11,0,1.15,-1.57,1.28,4.32,4.4,66.11,-2.81,0.07
2.04,-0.28,41.45,-4.61,42.38,0,-4.37,-0.13,8.1,0.02,1.12,-1.58,1.25,4.36,4.4,66.92,-2.74,0.04
2.05,-0.03,41.26,-4.61,41.45,-0.1,-4.46,0.02,8.03,0.04,1.1,-1.59,1.24,4.38,4.47,67.41,-2.69,0.02
2.06,0.03,41.13,-4.48,41.13,-0.07,-4.5,-0.07,7.96,-0.13,1.07,-1.61,1.22,4.41,4.47,67.91,-2.64,0
2.08,0.28,40.26,-3.86,40.51,0.04,-4.44,0.05,7.96,-0.12,1.05,-1.62,1.2,4.43,4.54,68.59,-2.57,-0.03
2.09,0.22,40.26,-3.86,40.26,0.12,-4.22,0.04,8,-0.09,1.02,-1.64,1.17,4.47,4.54,69.16,-2.52,-0.05
2.1,0.66,39.95,-3.42,39.95,0.25,-4,-0.3,8.02,-0.03,1,-1.66,1.16,4.49,4.54,69.63,-2.47,-0.07
2.12,0.91,39.51,-3.11,39.51,0.43,-3.73,0,8.03,-0.02,0.97,-1.67,1.13,4.52,4.59,70.3,-2.41,-0.09
2.13,1.16,38.82,-2.73,38.82,0.66,-3.42,-0.28,8.01,-0.07,0.94,-1.68,1.11,4.54,4.59,70.91,-2.35,-0.1
2.15,1.41,38.51,-2.42,38.95,0.9,-3.11,0.01,8.05,-0.11,0.92,-1.69,1.09,4.57,4.65,71.41,-2.31,-0.1
2.16,1.53,38.01,-2.17,38.01,1.11,-2.8,-0.07,8.01,-0.03,0.9,-1.69,1.07,4.59,4.65,71.96,-2.26,-0.1
2.18,1.66,37.82,-1.67,38.13,1.27,-2.5,-0.17,8.01,-0.24,0.87,-1.69,1.05,4.61,4.65,72.55,-2.22,-0.09
2.19,1.97,37.2,-1.61,37.2,1.45,-2.18,-0.17,8.02,-0.1,0.85,-1.7,1.02,4.64,4.72,73.08,-2.18,-0.08
2.21,2.34,36.88,-1.29,37.13,1.69,-1.93,-0.13,8.03,-0.12,0.82,-1.7,1,4.67,4.72,73.68,-2.14,-0.07
2.22,2.34,35.76,-1.17,35.76,1.93,-1.68,-0.22,8.02,-0.26,0.8,-1.71,0.98,4.69,4.84,74.16,-2.11,-0.05
2.24,2.09,35.2,-0.79,35.76,2.05,-1.46,-0.13,8.02,0.09,0.77,-1.72,0.97,4.73,4.84,74.74,-2.08,-0.03
2.25,2.22,34.88,-0.73,34.88,2.08,-1.21,-0.16,8.02,-0.09,0.74,-1.72,0.94,4.76,4.88,75.26,-2.06,0
2.26,2.16,34.38,-0.73,34.38,2.12,-1.03,-0.26,8.06,0.03,0.72,-1.72,0.93,4.79,4.88,75.67,-2.04,0.02
2.28,2.16,33.32,-0.86,33.32,2.11,-0.96,-0.25,8.04,0.06,0.69,-1.72,0.91,4.81,4.88,76.19,-2.01,0.05
2.29,1.78,32.57,-0.98,32.57,2.02,-0.96,-0.29,8.04,-0.17,0.67,-1.72,0.89,4.84,4.94,76.72,-1.99,0.07
2.31,1.91,31.2,-1.23,31.88,1.97,-0.98,-0.3,8.05,0.01,0.65,-1.72,0.87,4.87,4.94,77.11,-1.97,0.09
2.32,1.66,30.45,-1.23,30.45,1.92,-1.08,-0.29,8.01,-0.02,0.62,-1.72,0.85,4.89,4.94,77.49,-1.96,0.12
2.34,1.53,28.7,-1.67,29.7,1.77,-1.17,-0.4,8.06,-0.18,0.6,-1.71,0.83,4.91,4.98,78.01,-1.93,0.14
2.35,1.53,28.01,-1.92,28.7,1.68,-1.36,-0.38,8.05,0.05,0.58,-1.71,0.81,4.93,4.98,78.36,-1.91,0.16
2.36,1.41,26.95,-2.17,26.95,1.61,-1.59,-0.33,8.08,-0.12,0.55,-1.71,0.79,4.95,5.04,78.69,-1.89,0.18
2.38,1.28,25.26,-2.67,25.95,1.5,-1.9,-0.43,8.08,-0.25,0.53,-1.7,0.77,4.97,5.04,79.16,-1.85,0.2
2.39,1.53,24.26,-2.98,24.26,1.47,-2.25,-0.33,8.05,-0.05,0.5,-1.7,0.74,4.99,5.08,79.51,-1.82,0.21
2.4,1.53,23.32,-3.29,23.32,1.49,-2.58,-0.28,8.06,-0.13,0.48,-1.7,0.73,5.01,5.08,79.79,-1.79,0.22
2.42,1.66,21.38,-3.86,21.38,1.51,-2.91,-0.33,7.99,-0.2,0.45,-1.71,0.7,5.03,5.08,80.16,-1.74,0.24
2.44,1.72,19.7,-4.36,20.51,1.53,-3.31,-0.26,7.97,-0.19,0.42,-1.72,0.68,5.06,5.19,80.49,-1.69,0.26
2.45,1.72,18.82,-4.61,19.7,1.6,-3.7,-0.4,8,-0.35,0.4,-1.73,0.66,5.09,5.19,80.73,-1.64,0.27
2.46,1.47,18.01,-4.61,18.01,1.62,-4.03,-0.39,7.95,-0.15,0.38,-1.74,0.65,5.11,5.23,80.95,-1.59,0.28
2.48,1.72,16.45,-5.42,17.07,1.58,-4.39,-0.29,7.95,-0.21,0.35,-1.74,0.62,5.13,5.23,81.26,-1.51,0.29
2.49,1.72,16.01,-5.61,16.01,1.63,-4.81,-0.38,7.99,-0.29,0.32,-1.75,0.6,5.16,5.23,81.49,-1.45,0.31
2.5,1.59,15.26,-5.79,15.26,1.64,-5.14,-0.17,8.02,-0.23,0.3,-1.75,0.58,5.18,5.28,81.68,-1.38,0.32
2.52,1.66,13.82,-6.04,13.82,1.66,-5.45,-0.33,8.01,-0.17,0.28,-1.75,0.56,5.2,5.28,81.9,-1.3,0.33
2.54,1.97,13.13,-6.29,13.13,1.73,-5.72,-0.07,8.05,-0.18,0.25,-1.75,0.54,5.22,5.31,82.11,-1.21,0.34
2.55,1.91,12.2,-6.48,12.7,1.83,-6.01,-0.19,8.02,-0.07,0.23,-1.74,0.52,5.24,5.31,82.27,-1.13,0.36
2.57,1.97,11.7,-6.73,11.7,1.87,-6.23,-0.41,8.02,-0.2,0.2,-1.74,0.49,5.26,5.35,82.47,-1.03,0.37
2.58,2.03,10.32,-6.79,10.32,1.95,-6.45,-0.12,8.11,-0.15,0.17,-1.73,0.47,5.28,5.35,82.64,-0.93,0.39
2.59,1.91,10.2,-7.11,10.2,1.96,-6.64,-0.27,8.07,-0.12,0.15,-1.73,0.45,5.29,5.35,82.78,-0.83,0.41
2.61,1.84,9.01,-6.86,9.7,1.94,-6.85,-0.11,8.06,-0.19,0.13,-1.72,0.43,5.31,5.45,82.93,-0.73,0.42
2.62,1.72,8.38,-6.86,8.38,1.89,-6.85,-0.28,8.09,-0.22,0.1,-1.72,0.41,5.34,5.45,83.04,-0.64,0.44
2.64,1.66,7.32,-6.73,7.88,1.83,-6.87,-0.1,8.11,-0.09,0.08,-1.71,0.4,5.36,5.48,83.17,-0.53,0.45
2.65,1.34,6.45,-6.67,6.45,1.7,-6.8,-0.33,8.17,-0.25,0.05,-1.7,0.37,5.38,5.48,83.28,-0.42,0.47
2.66,1.28,6.07,-6.73,6.07,1.56,-6.77,0,8.16,0,0.03,-1.69,0.36,5.4,5.48,83.36,-0.33,0.48
2.68,0.97,4.76,-6.48,4.76,1.42,-6.7,-0.23,8.25,-0.15,0,-1.67,0.34,5.42,5.5,83.44,-0.23,0.49
2.69,0.66,4.13,-6.29,4.13,1.19,-6.58,-0.29,8.25,-0.25,-0.02,-1.65,0.31,5.43,5.5,83.51,-0.13,0.5
2.71,0.47,3.38,-5.98,3.76,0.97,-6.46,0,8.19,0.02,-0.03,-1.64,0.3,5.45,5.53,83.55,-0.05,0.5
2.72,-0.16,3.13,-6.11,3.13,0.72,-6.3,-0.39,7.85,-0.21,-0.06,-1.64,0.28,5.46,5.53,83.59,0.03,0.5
2.74,-0.66,2.45,-5.92,2.57,0.25,-6.19,0.05,7.23,-0.2,-0.1,-1.69,0.25,5.47,5.53,83.64,0.15,0.5
2.75,-0.84,2.38,-5.92,2.38,-0.11,-6.09,-0.24,5.7,-0.23,-0.14,-1.86,0.22,5.5,5.63,83.67,0.22,0.49
2.76,-1.09,1.2,-6.17,1.2,-0.41,-6.05,-0.49,-0.17,0.11,-0.24,-2.57,0.14,5.51,5.63,83.7,0.29,0.48
2.78,-1.28,0.76,-6.48,0.76,-0.66,-6.18,-0.32,0.56,-0.46,-0.42,-3.51,0,5.53,5.64,83.72,0.41,0.45
2.8,-0.53,0.88,-7.17,0.88,-0.67,-6.49,-0.38,2.3,-1.2,-0.52,-4.1,-0.1,5.54,5.64,83.73,0.5,0.43
2.81,-0.28,0.32,-7.67,-0.55,-0.27,-6.85,0.47,1.05,0.91,-0.65,-4.91,-0.22,5.55,5.64,83.73,0.58,0.42
2.83,-2.28,-2.18,-6.86,-1.24,-0.21,-7.06,-0.66,0.27,-1.25,-0.83,-5.5,-0.35,5.56,5.64,83.72,0.71,0.4
2.84,-2.09,-2.93,-6.54,-2.93,-0.95,-6.95,0.02,0.06,-0.17,-0.97,-6.05,-0.5,5.56,5.64,83.69,0.81,0.38
2.84,-2.09,-2.93,-6.54,-2.93,-1.08,-6.91,0.02,0.06,-0.17,-1,-6.18,-0.52,5.56,5.64,83.68,0.83,0.37
2.86,-1.66,-4.24,-7.17,-2.93,-1.08,-6.91,-0.52,0.38,-0.4,-1.13,-6.18,-0.52,5.56,5.64,83.64,0.92,0.35
2.86,-1.66,-4.24,-7.17,-2.93,-1.08,-6.91,-0.52,0.38,-0.4,-1.16,-6.18,-0.52,5.56,5.64,83.63,0.94,0.34
2.87,-1.66,-4.24,-7.17,-2.93,-1.08,-6.91,-0.36,0.37,-0.61,-1.2,-6.18,-0.52,5.56,5.64,83.61,0.98,0.33
2.88,-0.84,-4.62,-7.48,-2.93,-1.08,-6.91,-0.1,0.35,0.37,-1.28,-6.18,-0.52,5.56,5.64,83.59,1.04,0.32
2.88,-0.91,-5.24,-7.67,-2.93,-1.08,-6.91,-0.1,0.35,0.37,-1.32,-6.18,-0.52,5.56,5.64,83.57,1.06,0.31
2.88,-0.91,-5.24,-7.67,-2.93,-1.08,-6.91,-0.1,0.35,0.37,-1.35,-6.18,-0.52,5.56,5.71,83.56,1.08,0.3
2.89,-1.28,-5.87,-7.61,-2.93,-1.08,-6.91,-0.21,0.26,0.11,-1.43,-6.18,-0.52,5.56,5.71,83.54,1.14,0.29
2.89,-1.28,-5.87,-7.61,-2.93,-1.08,-6.91,-0.21,0.26,0.11,-1.46,-6.18,-0.52,5.56,5.71,83.53,1.16,0.28
2.9,-1.28,-5.87,-7.61,-2.93,-1.08,-6.91,-0.35,0.3,-0.45,-1.48,-6.18,-0.52,5.56,5.71,83.52,1.18,0.28
2.9,-1.28,-6.87,-7.54,-2.93,-1.08,-6.91,-0.35,0.3,-0.45,-1.55,-6.18,-0.52,5.56,5.71,83.5,1.23,0.27
2.91,-1.28,-6.87,-7.54,-2.93,-1.08,-6.91,-0.31,0.41,-0.67,-1.58,-6.18,-0.52,5.56,5.71,83.49,1.25,0.26
2.91,-1.41,-7.68,-7.29,-2.93,-1.08,-6.91,-0.31,0.41,-0.67,-1.61,-6.18,-0.52,5.56,5.71,83.48,1.27,0.25
2.92,-1.41,-7.68,-7.29,-2.93,-1.08,-6.91,-0.38,0.33,0.17,-1.67,-6.18,-0.52,5.56,5.71,83.47,1.31,0.24
2.92,-1.47,-8.62,-7.48,-2.93,-1.08,-6.91,-0.38,0.33,0.17,-1.7,-6.18,-0.52,5.56,5.71,83.45,1.34,0.24
2.92,-1.47,-8.62,-7.48,-2.93,-1.08,-6.91,-0.38,0.33,0.17,-1.73,-6.18,-0.52,5.56,5.71,83.45,1.36,0.23
2.93,-1.66,-9.37,-7.54,-2.93,-1.08,-6.91,-0.34,0.28,-0.13,-1.82,-6.18,-0.52,5.56,5.71,83.42,1.42,0.21
2.94,-1.72,-9.93,-7.73,-2.93,-1.08,-6.91,-0.29,0.36,-0.67,-1.87,-6.18,-0.52,5.56,5.71,83.4,1.45,0.2
2.94,-1.72,-9.93,-7.73,-2.93,-1.08,-6.91,-0.29,0.36,-0.67,-1.9,-6.18,-0.52,5.56,5.71,83.39,1.48,0.2
2.95,-1.72,-9.93,-7.73,-2.93,-1.08,-6.91,-0.38,0.35,-0.16,-1.95,-6.18,-0.52,5.56,5.71,83.38,1.52,0.19
2.95,-1.41,-10.68,-7.86,-2.93,-1.08,-6.91,-0.38,0.35,-0.16,-1.98,-6.18,-0.52,5.56,5.71,83.37,1.54,0.18
2.95,-1.41,-10.68,-7.86,-2.93,-1.08,-6.91,-0.38,0.35,-0.16,-2.01,-6.18,-0.52,5.56,5.71,83.36,1.56,0.17
2.96,-1.47,-11.49,-7.86,-2.93,-1.08,-6.91,-0.2,0.53,-0.01,-2.08,-6.18,-0.52,5.56,5.71,83.34,1.6,0.16
2.96,-1.47,-11.49,-7.86,-2.93,-1.08,-6.91,-0.2,0.53,-0.01,-2.11,-6.18,-0.52,5.56,5.71,83.33,1.62,0.16
2.97,-1.72,-12.3,-8.11,-2.93,-1.08,-6.91,-0.31,0.1,0.13,-2.16,-6.18,-0.52,5.56,5.71,83.31,1.66,0.15
2.97,-1.72,-12.3,-8.11,-2.93,-1.08,-6.91,-0.31,0.1,0.13,-2.21,-6.18,-0.52,5.56,5.71,83.3,1.7,0.13
2.98,-1.72,-12.99,-8.11,-2.93,-1.08,-6.91,-0.37,0.13,-0.51,-2.26,-6.18,-0.52,5.56,5.71,83.28,1.73,0.13
2.98,-1.72,-12.99,-8.11,-2.93,-1.08,-6.91,-0.37,0.13,-0.51,-2.29,-6.18,-0.52,5.56,5.71,83.27,1.75,0.12
2.99,-1.66,-13.87,-8.17,-2.93,-1.08,-6.91,-0.36,0.31,-0.05,-2.38,-6.18,-0.52,5.56,5.7,83.24,1.81,0.1
2.99,-1.66,-13.87,-8.17,-2.93,-1.08,-6.91,-0.36,0.31,-0.05,-2.4,-6.18,-0.52,5.56,5.7,83.24,1.83,0.1
3,-1.66,-13.87,-8.17,-2.93,-1.08,-6.91,-0.33,0.39,0.28,-2.43,-6.18,-0.52,5.56,5.7,83.23,1.85,0.09
3,-2.03,-14.62,-8.23,-2.93,-1.08,-6.91,-0.33,0.39,0.28,-2.49,-6.18,-0.52,5.56,5.7,83.21,1.9,0.08
3.01,-2.03,-14.62,-8.23,-2.93,-1.08,-6.91,-0.33,0.39,0.28,-2.52,-6.18,-0.52,5.56,5.7,83.2,1.92,0.07
3.01,-2.16,-15.24,-8.54,-2.93,-1.08,-6.91,-0.27,0.41,-0.22,-2.55,-6.18,-0.52,5.56,5.7,83.19,1.94,0.07
3.02,-2.16,-15.24,-8.54,-2.93,-1.08,-6.91,-0.45,0.46,-0.66,-2.61,-6.18,-0.52,5.56,5.7,83.17,1.99,0.05
3.02,-2.16,-16.12,-8.61,-2.93,-1.08,-6.91,-0.45,0.46,-0.66,-2.65,-6.18,-0.52,5.56,5.7,83.16,2.01,0.05
3.02,-2.16,-16.12,-8.61,-2.93,-1.08,-6.91,-0.45,0.46,-0.66,-2.68,-6.18,-0.52,5.56,5.73,83.15,2.03,0.04
3.03,-2.34,-17.12,-8.54,-2.93,-1.08,-6.91,-0.1,0.39,0.06,-2.75,-6.18,-0.52,5.56,5.73,83.13,2.09,0.03
3.04,-2.34,-17.12,-8.54,-2.93,-1.08,-6.91,-0.1,0.39,0.06,-2.79,-6.18,-0.52,5.56,5.73,83.11,2.11,0.02
3.04,-2.41,-18.49,-8.67,-2.93,-1.08,-6.91,-0.12,0.41,0.03,-2.84,-6.18,-0.52,5.56,5.73,83.1,2.15,0.01
3.05,-2.41,-18.49,-8.67,-2.93,-1.08,-6.91,-0.41,0.57,-0.38,-2.9,-6.18,-0.52,5.56,5.73,83.08,2.19,0
3.05,-2.41,-18.74,-8.54,-2.93,-1.08,-6.91,-0.41,0.57,-0.38,-2.93,-6.18,-0.52,5.56,5.73,83.07,2.21,-0.01
3.05,-2.41,-18.74,-8.54,-2.93,-1.08,-6.91,-0.41,0.57,-0.38,-2.96,-6.18,-0.52,5.56,5.73,83.06,2.23,-0.02
3.06,-2.28,-19.55,-8.48,-2.93,-1.08,-6.91,-0.6,0.63,-0.61,-3.01,-6.18,-0.52,5.56,5.72,83.05,2.27,-0.03
3.06,-2.28,-19.55,-8.48,-2.93,-1.08,-6.91,-0.6,0.63,-0.61,-3.04,-6.18,-0.52,5.56,5.72,83.04,2.29,-0.03
3.07,-2.28,-19.55,-8.48,-2.93,-1.08,-6.91,-0.27,0.82,0.17,-3.08,-6.18,-0.52,5.56,5.72,83.02,2.33,-0.04
3.08,-2.41,-19.99,-8.73,-2.93,-1.08,-6.91,-0.27,0.82,0.17,-3.15,-6.18,-0.52,5.56,5.72,83,2.38,-0.06
3.08,-2.66,-21.37,-8.79,-2.93,-1.08,-6.91,-0.47,1,0.18,-3.19,-6.18,-0.52,5.56,5.72,82.98,2.41,-0.07
3.08,-2.66,-21.37,-8.79,-2.93,-1.08,-6.91,-0.47,1,0.18,-3.22,-6.18,-0.52,5.56,5.72,82.98,2.43,-0.07
3.09,-2.84,-22.12,-9.04,-2.93,-1.08,-6.91,-0.46,1.3,-0.48,-3.29,-6.18,-0.52,5.56,5.72,82.95,2.49,-0.09
3.09,-2.84,-22.12,-9.04,-2.93,-1.08,-6.91,-0.46,1.3,-0.48,-3.31,-6.18,-0.52,5.56,5.68,82.94,2.51,-0.09
3.1,-3.09,-22.87,-9.17,-2.93,-1.08,-6.91,-0.41,1.51,-0.88,-3.37,-6.18,-0.52,5.56,5.68,82.92,2.55,-0.11
3.1,-3.09,-22.87,-9.17,-2.93,-1.08,-6.91,-0.41,1.51,-0.88,-3.4,-6.18,-0.52,5.56,5.68,82.91,2.57,-0.11
3.11,-3.09,-22.87,-9.17,-2.93,-1.08,-6.91,-0.41,1.51,-0.88,-3.42,-6.18,-0.52,5.56,5.68,82.91,2.59,-0.12
3.11,-3.09,-24.74,-9.29,-2.93,-1.08,-6.91,-0.57,2.13,0,-3.47,-6.18,-0.52,5.56,5.68,82.89,2.63,-0.13
3.12,-3.09,-25.24,-9.48,-2.93,-1.08,-6.91,-0.48,2.36,-0.04,-3.5,-6.18,-0.52,5.56,5.68,82.87,2.67,-0.14
3.12,-3.09,-25.24,-9.48,-2.93,-1.08,-6.91,-0.48,2.36,-0.04,-3.53,-6.18,-0.52,5.56,5.68,82.86,2.69,-0.15
3.13,-3.41,-27.37,-9.54,-2.93,-1.08,-6.91,-0.2,2.99,-0.9,-3.58,-6.18,-0.52,5.56,5.64,82.84,2.74,-0.16
3.13,-3.41,-27.37,-9.54,-2.93,-1.08,-6.91,-0.2,2.99,-0.9,-3.6,-6.18,-0.52,5.56,5.64,82.83,2.76,-0.17
3.14,-3.41,-27.37,-9.54,-2.93,-1.08,-6.91,-0.13,3.24,-0.75,-3.63,-6.18,-0.52,5.56,5.64,82.82,2.79,-0.17
3.14,-3.16,-27.62,-9.29,-2.93,-1.08,-6.91,-0.13,3.24,-0.75,-3.68,-6.18,-0.52,5.56,5.64,82.8,2.84,-0.19
3.14,-3.16,-27.62,-9.29,-2.93,-1.08,-6.91,-0.13,3.24,-0.75,-3.69,-6.18,-0.52,5.56,5.64,82.79,2.86,-0.19
3.15,-3.53,-29.49,-9.04,-2.93,-1.08,-6.91,-0.32,4.51,0.29,-3.71,-6.18,-0.52,5.56,5.64,82.78,2.88,-0.2
3.16,-3.53,-29.49,-9.04,-2.93,-1.08,-6.91,-0.32,4.51,0.29,-3.75,-6.18,-0.52,5.56,5.64,82.76,2.93,-0.21
3.16,-3.91,-29.87,-8.73,-2.93,-1.08,-6.91,-0.32,5.49,0.11,-3.76,-6.18,-0.52,5.56,5.64,82.75,2.95,-0.22
3.16,-3.91,-29.87,-8.73,-2.93,-1.08,-6.91,-0.32,5.49,0.11,-3.78,-6.18,-0.52,5.56,5.66,82.74,2.97,-0.23
3.17,-3.72,-30.68,-8.36,-2.93,-1.08,-6.91,-0.22,6.29,-0.52,-3.8,-6.18,-0.52,5.56,5.66,82.72,3.02,-0.24
3.17,-3.72,-30.68,-8.36,-2.93,-1.08,-6.91,-0.22,6.29,-0.52,-3.82,-6.18,-0.52,5.56,5.66,82.71,3.05,-0.25
3.18,-4.91,-32.3,-8.11,-2.93,-1.08,-6.91,-0.18,8.25,0.08,-3.82,-6.18,-0.52,5.56,5.66,82.69,3.08,-0.26
3.19,-4.91,-32.3,-8.11,-2.93,-1.08,-6.91,-0.07,9.52,0.33,-3.82,-6.18,-0.52,5.56,5.66,82.67,3.13,-0.27
3.19,-5.78,-32.12,-7.61,-2.93,-1.08,-6.91,-0.07,9.52,0.33,-3.83,-6.18,-0.52,5.56,5.66,82.66,3.16,-0.28
3.19,-5.78,-32.12,-7.61,-2.93,-1.08,-6.91,-0.07,9.52,0.33,-3.83,-6.18,-0.52,5.56,5.66,82.65,3.18,-0.29
3.2,-6.28,-34.3,-6.92,-2.93,-1.08,-6.91,0.09,10.43,-0.44,-3.82,-6.18,-0.52,5.56,5.61,82.64,3.22,-0.3
3.2,-6.28,-34.3,-6.92,-2.93,-1.08,-6.91,0.09,10.43,-0.44,-3.82,-6.18,-0.52,5.56,5.61,82.63,3.24,-0.3
3.2,-6.28,-34.3,-6.92,-2.93,-1.08,-6.91,0.09,10.43,-0.44,-3.82,-6.18,-0.52,5.56,5.61,82.62,3.26,-0.31
3.21,-6.72,-34.24,-6.04,-2.93,-1.08,-6.91,-0.06,11.53,-0.13,-3.81,-6.18,-0.52,5.56,5.61,82.6,3.3,-0.32
3.22,-6.72,-34.24,-6.04,-2.93,-1.08,-6.91,0.05,13.6,0.34,-3.79,-6.18,-0.52,5.56,5.61,82.58,3.34,-0.33
3.22,-7.53,-35.74,-5.29,-2.93,-1.08,-6.91,0.05,13.6,0.34,-3.77,-6.18,-0.52,5.56,5.61,82.57,3.36,-0.34
3.23,-7.53,-35.74,-5.29,-2.93,-1.08,-6.91,0.31,14.7,0.15,-3.74,-6.18,-0.52,5.56,5.61,82.56,3.4,-0.35
3.23,-8.28,-37.24,-4.36,-2.93,-1.08,-6.91,0.31,14.7,0.15,-3.72,-6.18,-0.52,5.56,5.61,82.55,3.43,-0.36
3.24,-8.28,-37.24,-4.36,-2.93,-1.08,-6.91,0.31,14.7,0.15,-3.71,-6.18,-0.52,5.56,5.55,82.54,3.45,-0.37
3.24,-8.97,-37.93,-2.92,-2.93,-1.08,-6.91,0.15,15.72,-0.12,-3.65,-6.18,-0.52,5.56,5.55,82.51,3.51,-0.38
3.25,-8.97,-37.93,-2.92,-2.93,-1.08,-6.91,0.15,15.72,-0.12,-3.63,-6.18,-0.52,5.56,5.55,82.5,3.53,-0.39
3.25,-9.22,-39.99,-1.67,-2.93,-1.08,-6.91,0.02,16.74,-0.21,-3.61,-6.18,-0.52,5.56,5.55,82.49,3.55,-0.4
3.26,-9.22,-39.99,-1.67,-2.93,-1.08,-6.91,0.02,16.74,-0.21,-3.57,-6.18,-0.52,5.56,5.55,82.47,3.59,-0.41
3.26,-10.78,-40.68,-0.11,-2.93,-1.08,-6.91,0.62,18.71,0.35,-3.54,-6.18,-0.52,5.56,5.55,82.47,3.61,-0.41
3.26,-10.78,-40.68,-0.11,-2.93,-1.08,-6.91,0.62,18.71,0.35,-3.54,-6.18,-0.52,5.56,5.55,82.47,3.61,-0.41
3.28,-11.97,-43.12,3.58,-42.8,-4.96,-3.94,0.47,20.77,-0.17,-3.42,-4.01,-0.47,5.55,5.5,81.97,3.66,-0.47
3.29,-12.16,-43.93,5.71,-43.93,-7.59,-0.72,0.27,21.59,-0.19,-3.25,-1.91,-0.36,5.54,5.5,81.36,3.67,-0.57
3.31,-12.91,-44.55,8.14,-44.55,-9.43,2.16,0.94,23.67,0.14,-3.09,0.18,-0.23,5.53,5.44,80.83,3.65,-0.67
3.33,-13.72,-46.24,13.21,-46.24,-10.95,5.65,0.58,25.77,-0.13,-2.81,2.23,-0.07,5.52,5.44,80.03,3.55,-0.83
3.34,-13.66,-45.55,19.33,-46.49,-12.03,9.26,1.25,29.05,0.47,-2.51,4.31,0.12,5.52,5.44,79.26,3.38,-1
3.35,-14.59,-46.8,22.77,-46.8,-12.73,13.36,1.58,30.46,0.35,-2.26,6.45,0.34,5.51,5.44,78.7,3.22,-1.12
3.37,-16.72,-47.99,27.33,-47.99,-13.8,18.05,-1.71,32.27,-0.15,-1.86,8.51,0.62,5.52,5.44,77.83,2.88,-1.3
3.39,-15.53,-48.24,28.33,-48.24,-14.63,21.69,1.06,33.88,0,-1.47,10.5,0.9,5.51,5.4,77.03,2.5,-1.46
3.4,-14.53,-49.43,27.52,-46.62,-14.69,23.91,-3.11,33.65,-0.2,-1.17,12.34,1.19,5.52,5.4,76.42,2.17,-1.57
3.42,-13.72,-48.12,24.64,-48.12,-14.46,24.65,-3.18,34.19,-0.2,-0.79,13.96,1.48,5.52,5.34,75.66,1.75,-1.7
3.43,-10.97,-48.87,18.14,-48.87,-13.74,23.5,-0.55,21.37,-0.52,-0.57,14.43,1.71,5.51,5.34,74.86,1.33,-1.81
3.44,-9.16,-50.74,15.39,-50.74,-12.34,20.95,-3.84,17.04,-0.1,-0.45,13.74,1.81,5.51,5.29,74.13,0.97,-1.91
3.46,-6.59,-48.74,8.64,-48.74,-10.68,17.39,-1.21,14.86,-2.24,-0.36,12.67,1.87,5.49,5.29,73.34,0.63,-2
3.48,-3.66,-48.68,1.39,-47.3,-8.79,13.36,-2.64,13.89,0.34,-0.29,11.62,1.91,5.48,5.32,72.53,0.35,-2.08
3.49,-2.59,-48.93,-1.79,-48.93,-6.78,8.59,-0.58,13.02,-1.76,-0.23,10.57,1.96,5.48,5.32,71.8,0.17,-2.14
3.51,0.09,-50.05,-7.86,-50.05,-4.44,2.97,-3.65,12.39,-0.14,-0.19,9.54,1.97,5.48,5.32,71.07,0.06,-2.19
3.52,0.78,-47.43,-11.79,-47.43,-2.69,-1.46,-1.66,12.17,0.73,-0.15,8.6,1.96,5.47,5.26,70.37,0.04,-2.23
3.54,2.47,-46.68,-16.54,-48.74,-1.08,-5.85,-1.18,11.9,-0.33,-0.11,7.71,1.99,5.47,5.26,69.42,0.11,-2.29
3.55,3.91,-49.49,-16.92,-49.49,0.39,-9.84,-2.49,11.39,-0.31,-0.09,6.94,1.97,5.45,5.22,68.86,0.2,-2.33
3.57,4.16,-46.99,-19.11,-46.99,1.74,-12.91,-0.41,10.86,-1.15,-0.07,6.22,1.93,5.44,5.22,68.22,0.35,-2.37
3.59,5.22,-47.37,-18.98,-47.37,2.89,-15.13,-0.25,11.36,-0.06,-0.05,5.56,1.94,5.43,5.24,67.33,0.62,-2.43
3.6,5.22,-51.12,-14.98,-50.12,3.72,-16.1,2.2,11.13,0.87,-0.03,4.95,1.92,5.43,5.24,66.66,0.84,-2.47
3.61,5.22,-51.12,-14.98,-51.12,4.27,-15.68,0.15,10.66,-1.12,-0.02,4.45,1.89,5.42,5.24,66.06,1.03,-2.5
3.63,4.16,-50.93,-10.11,-48.93,4.46,-14.86,1.33,10.49,0.1,0,3.98,1.88,5.41,5.2,65.14,1.33,-2.55
3.64,2.66,-51.12,-6.67,-51.12,4.18,-12.73,2.26,10.41,1.45,0.01,3.53,1.85,5.41,5.2,64.41,1.53,-2.57
3.66,1.59,-53.24,-0.54,-53.24,3.4,-9.22,-0.14,10.24,-0.35,0.02,3.13,1.82,5.39,5.16,63.79,1.67,-2.59
3.68,0.72,-53.3,2.58,-53.3,2.64,-5.67,1.93,10.18,1.09,0.02,2.77,1.79,5.38,5.16,62.87,1.8,-2.6
3.69,-1.22,-56.68,8.33,-53.93,1.54,-1.82,0.27,10.07,-0.11,0.03,2.44,1.76,5.37,5.15,61.98,1.87,-2.6
3.7,-4.41,-59.74,14.14,-59.74,0.18,2.57,1.47,10.08,0.22,0.03,2.15,1.72,5.36,5.15,61.3,1.86,-2.58
3.72,-5.53,-60.18,17.96,-59.74,-1.52,6.85,-1.55,9.81,0.67,0.04,1.89,1.69,5.35,5.15,60.2,1.77,-2.55
3.74,-7.97,-63.87,23.27,-63.87,-3.5,12.05,0.64,10.3,0.05,0.04,1.68,1.66,5.35,5.17,59.27,1.62,-2.51
3.75,-9.03,-67.99,26.08,-65.24,-5.21,16.34,1.6,10.12,0.96,0.05,1.47,1.63,5.34,5.17,58.37,1.42,-2.46
3.77,-9.03,-67.99,26.08,-67.99,-6.62,19.94,-1.53,9.64,0.56,0.05,1.29,1.6,5.33,5.15,57.35,1.14,-2.39
3.78,-12.34,-70.99,26.96,-68.99,-8.13,22.29,-0.92,9.54,-1.13,0.05,1.16,1.57,5.33,5.15,56.19,0.77,-2.3
3.8,-12.28,-75.18,28.02,-75.18,-9.68,24.23,0.42,10.03,0.99,0.05,1.01,1.53,5.32,5.13,55.14,0.42,-2.22
3.81,-12.72,-74.55,27.14,-74.55,-10.77,25.38,-1.04,9.9,0.01,0.05,0.87,1.5,5.31,5.13,53.93,0,-2.12
3.83,-13.16,-76.62,25.58,-76.62,-11.58,25.71,-2.01,9.64,-1.47,0.05,0.75,1.47,5.3,5.13,52.8,-0.4,-2.03
3.84,-12.41,-79.49,19.89,-79.49,-11.94,24.42,-1.56,9.71,-0.28,0.05,0.66,1.43,5.3,5.1,51.52,-0.84,-1.93
3.86,-11.41,-77.24,17.64,-77.24,-11.91,22.28,-1.54,10.04,-0.45,0.06,0.6,1.4,5.29,5.1,50.35,-1.22,-1.85
3.87,-10.16,-78.3,12.21,-81.18,-11.54,19.85,-0.97,9.76,1.22,0.06,0.52,1.37,5.27,5.09,49.17,-1.56,-1.78
3.89,-9.41,-82.12,9.64,-82.12,-10.87,16.5,-1.66,9.64,-0.28,0.06,0.44,1.34,5.27,5.09,47.98,-1.87,-1.73
3.9,-7.97,-79.37,7.14,-79.37,-9.91,13.23,-1.28,9.93,-0.89,0.06,0.4,1.31,5.26,5.13,46.52,-2.19,-1.69
3.92,-5.84,-80.18,2.02,-80.18,-8.64,9.69,-1.79,10.01,-0.8,0.06,0.35,1.28,5.26,5.13,45.47,-2.38,-1.68
3.93,-2.72,-79.74,-3.42,-79.74,-6.91,5.68,-1.59,9.87,-0.9,0.06,0.33,1.26,5.26,5.13,44.25,-2.54,-1.68
3.95,-1.91,-79.55,-5.11,-79.55,-5.12,1.82,0.53,9.92,-0.03,0.07,0.31,1.23,5.25,5.1,42.99,-2.65,-1.7
3.96,1.47,-77.93,-8.04,-78.49,-3.49,-1.29,-0.92,10.16,-0.33,0.07,0.27,1.2,5.24,5.1,42.04,-2.68,-1.74
3.98,2.72,-75.74,-9.48,-75.74,-1.52,-3.94,-1.07,9.75,-1,0.07,0.26,1.18,5.23,5.07,40.92,-2.68,-1.79
3.99,5.47,-74.37,-10.86,-74.37,0.52,-6.3,-0.31,9.74,-0.4,0.07,0.23,1.15,5.23,5.07,39.35,-2.62,-1.88
4.01,7.09,-75.05,-10.67,-75.05,2.68,-7.95,0.31,9.98,0.06,0.07,0.23,1.13,5.22,5.05,38.45,-2.54,-1.94
4.02,8.66,-74.05,-9.98,-71.93,4.66,-9.01,1.68,10.04,1.13,0.07,0.18,1.1,5.21,5.05,37.43,-2.42,-2
4.04,9.78,-72.43,-7.98,-72.99,6.19,-9.07,0.13,9.86,-0.18,0.07,0.16,1.07,5.2,5.03,36.11,-2.24,-2.07
4.05,10.41,-70.93,-6.48,-72.43,7.52,-8.67,-0.51,9.4,-1.43,0.07,0.14,1.04,5.19,5.03,35.22,-2.11,-2.11
4.07,10.84,-70.99,-4.61,-70.99,8.63,-7.66,1.99,9.67,1.47,0.07,0.08,1.01,5.18,5.03,34.38,-1.97,-2.13
4.09,9.91,-70.99,-0.86,-70.99,9.21,-5.83,0.06,9.62,-0.74,0.06,0.03,0.98,5.17,5,32.9,-1.74,-2.14
4.1,9.09,-71.99,0.96,-71.99,9.23,-3.46,1.24,9.4,-0.11,0.06,-0.01,0.95,5.16,5,31.89,-1.59,-2.13
4.11,7.84,-72.37,4.46,-72.37,8.92,-1.28,0.05,9.3,0.21,0.05,-0.05,0.92,5.14,4.99,31.03,-1.49,-2.09
4.13,7.16,-74.62,6.46,-74.62,8.38,1.25,1.39,9.28,0.34,0.05,-0.09,0.9,5.14,4.99,29.67,-1.35,-2.01
4.14,4.91,-77.24,10.52,-77.24,7.38,3.95,0.79,9.27,1.14,0.04,-0.14,0.86,5.13,4.98,28.55,-1.27,-1.91
4.16,4.84,-76.87,12.83,-76.87,6.45,6.86,0.72,9.73,0.33,0.04,-0.16,0.84,5.11,4.98,27.64,-1.23,-1.82
4.18,1.91,-76.68,14.71,-76.68,5.31,9.3,1.03,9.72,0.48,0.03,-0.18,0.81,5.11,4.98,26.23,-1.2,-1.63
4.19,-0.16,-78.87,16.46,-76.55,3.85,11.54,-0.58,9.69,0.91,0.03,-0.18,0.79,5.1,4.96,24.92,-1.21,-1.43
4.2,-0.41,-77.62,16.77,-77.62,2.34,13.39,-1.9,9.46,-0.1,0.03,-0.17,0.76,5.09,4.96,24,-1.25,-1.28
4.22,-2.66,-81.55,16.83,-80.05,1.13,14.7,-0.07,9.66,1.01,0.03,-0.14,0.74,5.08,4.96,22.66,-1.32,-1.05
4.24,-3.78,-83.18,16.14,-83.18,-0.39,15.42,-1.8,9.69,0.72,0.03,-0.13,0.72,5.07,4.96,21.47,-1.4,-0.85
4.25,-4.16,-85.05,16.08,-85.05,-1.75,15.67,-0.79,9.5,-0.1,0.02,-0.15,0.7,5.06,4.96,20.27,-1.49,-0.65
4.27,-5.28,-86.37,14.27,-86.37,-2.97,15.38,-0.71,9.55,1.27,0.02,-0.15,0.68,5.07,5.02,18.89,-1.61,-0.42
4.28,-5.91,-88.68,12.08,-85.37,-3.9,14.57,-0.16,9.35,-0.36,0.02,-0.15,0.67,5.07,5.02,17.47,-1.74,-0.2
4.3,-6.22,-86.43,10.27,-86.43,-4.7,13.27,0.21,9.67,0.84,0.02,-0.16,0.65,5.07,5.01,16.22,-1.86,-0.03
4.31,-4.84,-86.12,7.77,-88.62,-5.04,11.91,-0.61,9.43,0.19,0.01,-0.18,0.63,5.07,5.01,14.94,-1.98,0.12
4.33,-5.09,-87.99,6.33,-87.99,-5,10.22,-0.14,9.25,-0.21,0,-0.21,0.61,5.07,5.01,13.73,-2.09,0.25
4.34,-2.91,-86.24,3.46,-86.49,-4.81,8.34,-0.67,9.22,0.1,0,-0.24,0.59,5.06,5.01,12.25,-2.2,0.39
4.36,-2.72,-85.55,2.27,-85.55,-4.07,6.29,-0.03,9.26,0.32,-0.01,-0.27,0.57,5.06,5.01,10.87,-2.29,0.49
4.37,-0.22,-84.49,-0.23,-84.74,-3.24,4.42,-1.09,9.21,-0.44,-0.02,-0.31,0.55,5.06,5.01,9.64,-2.36,0.55
4.39,0.22,-82.99,-1.42,-82.99,-2.03,2.45,0.06,9.17,0.43,-0.03,-0.35,0.53,5.06,5.01,8.4,-2.4,0.59
4.4,1.59,-82.55,-2.86,-82.55,-1.02,0.73,0.02,9.09,-0.42,-0.04,-0.39,0.51,5.06,5.01,7.01,-2.43,0.61
4.42,2.97,-80.43,-3.54,-80.43,0.1,-0.67,-1.74,8.91,0.07,-0.05,-0.44,0.49,5.06,5.01,6.03,-2.43,0.61
4.43,4.53,-78.18,-4.17,-80.12,1.36,-1.86,0.37,9.11,-0.73,-0.06,-0.48,0.47,5.05,4.98,4.7,-2.42,0.59
4.45,5.34,-78.24,-4.23,-78.24,2.7,-2.73,-0.18,9.14,0.35,-0.07,-0.5,0.44,5.05,4.98,3.39,-2.38,0.55
4.46,6.47,-75.87,-3.86,-76.62,3.88,-3.14,0.97,9.06,-0.14,-0.08,-0.53,0.42,5.04,4.94,2.47,-2.34,0.52
4.48,6.72,-76.12,-3.11,-76.12,4.86,-3.32,-0.34,8.87,-0.08,-0.09,-0.56,0.39,5.03,4.94,1.38,-2.27,0.47
4.49,7.66,-75.74,-1.86,-75.74,5.77,-3.01,1.05,9.06,0,-0.1,-0.58,0.37,5.03,4.94,-0.12,-2.16,0.41
4.51,7.78,-74.74,-1.73,-74.74,6.48,-2.57,0.03,9.05,0.1,-0.11,-0.59,0.34,5.01,4.88,-1.01,-2.09,0.37
4.52,7.47,-74.49,-0.29,-75.12,6.96,-2.13,0.94,9.06,0.8,-0.12,-0.62,0.32,4.99,4.88,-2.07,-2,0.34
4.54,6.91,-73.18,1.46,-74.68,7.03,-1.34,0.11,9.11,0.18,-0.14,-0.63,0.28,4.97,4.76,-3.51,-1.86,0.3
4.55,7.41,-72.43,2.52,-73.18,6.99,-0.3,0.66,8.97,0.93,-0.15,-0.64,0.25,4.95,4.76,-4.42,-1.78,0.29
4.57,6.34,-71.62,3.39,-71.62,7.03,0.83,1,9.06,0.64,-0.15,-0.65,0.22,4.92,4.7,-5.27,-1.69,0.28
4.58,5.78,-70.55,5.83,-71.37,6.59,2.09,0.82,9.05,0.58,-0.17,-0.66,0.18,4.89,4.7,-6.61,-1.56,0.3
4.6,5.22,-70.87,6.96,-70.87,6.18,3.71,1.16,9.04,0.56,-0.18,-0.66,0.15,4.87,4.7,-7.59,-1.47,0.33
4.61,4.91,-71.3,8.52,-71.3,5.76,5.23,0.85,8.99,0.59,-0.19,-0.68,0.12,4.84,4.63,-8.45,-1.39,0.38
4.63,4.53,-70.99,10.52,-70.99,5.35,6.93,0.85,9.04,0.58,-0.2,-0.69,0.09,4.81,4.63,-9.75,-1.27,0.47
4.64,2.72,-70.74,12.27,-69.87,4.83,8.47,-0.1,8.98,0.19,-0.21,-0.69,0.05,4.77,4.44,-10.91,-1.17,0.58
4.66,2.66,-69.62,12.39,-69.62,4.04,9.89,-0.07,9.08,0.74,-0.22,-0.7,0,4.72,4.44,-11.76,-1.09,0.68
4.67,1.34,-70.3,12.33,-70.49,3.24,10.98,0.44,9.19,0.22,-0.23,-0.69,-0.03,4.68,4.22,-12.98,-1,0.85
4.69,0.97,-71.43,12.71,-71.43,2.46,11.56,-0.94,8.99,0.26,-0.24,-0.68,-0.08,4.61,4.22,-14.03,-0.92,1
4.7,-0.47,-72.87,11.83,-71.3,1.74,11.71,0.37,8.98,0.38,-0.25,-0.69,-0.13,4.56,4.22,-15,-0.85,1.15
4.72,-0.97,-72.43,11.21,-72.43,0.82,11.62,0.12,9.05,0.34,-0.26,-0.7,-0.19,4.47,3.89,-16.21,-0.78,1.33
4.73,-2.03,-73.93,9.39,-73.93,0.02,11.16,0.19,8.95,0.24,-0.28,-0.71,-0.26,4.38,3.89,-17.37,-0.72,1.5
4.75,-2.72,-74.99,8.58,-74.99,-0.88,10.34,-0.14,8.89,0.19,-0.29,-0.73,-0.32,4.29,3.62,-18.4,-0.68,1.65
4.76,-3.53,-75.24,6.46,-74.12,-1.72,9.39,-0.02,8.84,0.29,-0.3,-0.74,-0.39,4.19,3.62,-19.5,-0.65,1.79
4.78,-4.09,-74.49,5.21,-74.49,-2.45,8.17,0.14,8.89,0.1,-0.31,-0.76,-0.45,4.1,3.44,-20.57,-0.64,1.92
4.79,-4.28,-73.43,3.27,-74.93,-3.08,6.82,-0.66,8.82,0.56,-0.33,-0.79,-0.51,4,3.44,-21.78,-0.64,2.04
4.81,-3.91,-71.93,2.33,-71.93,-3.44,5.31,0.01,8.92,-0.29,-0.34,-0.8,-0.57,3.91,3.44,-22.94,-0.65,2.15
4.82,-3.53,-69.99,0.39,-71.24,-3.62,3.88,-0.56,8.85,0.5,-0.35,-0.81,-0.63,3.83,3.32,-23.96,-0.67,2.23
4.84,-3.16,-68.18,-0.79,-68.18,-3.51,2.35,-0.2,8.83,0.44,-0.37,-0.82,-0.68,3.74,3.32,-24.93,-0.7,2.29
4.86,-1.59,-62.87,-4.42,-64.62,-3.01,0.44,0.14,8.92,0.65,-0.39,-0.83,-0.74,3.67,3.32,-26.58,-0.76,2.36
4.88,-1.84,-61.74,-5.23,-61.74,-2.51,-1.45,-0.34,8.85,0.04,-0.4,-0.84,-0.77,3.61,3.32,-27.44,-0.8,2.37
4.89,-1.34,-58.99,-5.86,-61.62,-2.29,-2.87,-0.2,8.95,0.15,-0.41,-0.84,-0.81,3.55,3.24,-28.47,-0.85,2.35
4.91,-1.34,-58.05,-6.61,-58.05,-1.94,-4.13,-0.11,8.95,0.68,-0.43,-0.83,-0.85,3.49,3.24,-29.47,-0.91,2.31
4.92,-0.97,-55.37,-7.36,-56.55,-1.68,-5.14,0.23,8.98,0.08,-0.44,-0.84,-0.88,3.44,3.16,-30.24,-0.97,2.27
4.94,-1.16,-54.3,-7.36,-54.3,-1.44,-5.96,-0.25,8.9,0.22,-0.45,-0.84,-0.91,3.39,3.16,-31,-1.02,2.21
4.95,-1.03,-50.68,-6.67,-51.74,-1.3,-6.46,0.83,9.19,0.26,-0.46,-0.82,-0.93,3.34,3.14,-31.9,-1.1,2.13
4.97,-0.59,-47.87,-6.67,-47.87,-1.15,-6.54,-0.24,9.06,-0.07,-0.47,-0.79,-0.95,3.3,3.14,-32.49,-1.15,2.08
4.98,-0.91,-45.3,-5.92,-47.74,-0.97,-6.48,1.18,9.02,0.36,-0.48,-0.78,-0.97,3.27,3.14,-33.27,-1.22,2
5,-0.16,-44.49,-5.23,-44.49,-0.79,-6.13,0.32,9,0.15,-0.5,-0.78,-0.99,3.23,3.08,-34.06,-1.3,1.91
5.01,-0.84,-41.99,-3.67,-42.43,-0.72,-5.64,1.05,8.96,0.35,-0.5,-0.78,-1.01,3.2,3.08,-34.56,-1.35,1.86
5.03,-0.91,-39.37,-3.17,-39.37,-0.77,-4.85,0.77,9.05,0.14,-0.51,-0.78,-1.02,3.16,3.02,-35.15,-1.4,1.81
5.05,-0.78,-37.3,-1.23,-39.05,-0.73,-3.94,1.19,8.88,0.13,-0.53,-0.78,-1.04,3.13,3.02,-35.9,-1.46,1.75
5.06,-1.28,-36.3,-0.48,-36.3,-0.8,-2.86,0.63,8.79,0.5,-0.54,-0.8,-1.06,3.1,3.02,-36.34,-1.49,1.72
5.07,-0.53,-33.74,0.33,-33.74,-0.83,-1.81,0.98,8.86,0,-0.55,-0.82,-1.06,3.08,3.06,-36.79,-1.51,1.71
5.09,-0.78,-31.43,1.46,-31.43,-0.78,-0.73,0.28,8.87,0.26,-0.57,-0.83,-1.08,3.06,3.06,-37.49,-1.54,1.69
5.1,-1.28,-28.62,3.64,-29.55,-0.85,0.34,0.61,8.82,0.22,-0.58,-0.84,-1.08,3.04,3.04,-37.87,-1.55,1.7
5.12,-1.34,-26.55,3.27,-26.55,-1.02,1.52,-0.38,8.82,0.05,-0.6,-0.85,-1.09,3.03,3.04,-38.2,-1.55,1.72
5.13,-0.97,-23.87,3.77,-25.68,-1.19,2.35,0.63,8.9,0.39,-0.61,-0.85,-1.09,3.02,2.98,-38.66,-1.54,1.76
5.15,-0.66,-23.12,4.14,-23.12,-1.08,2.91,0.9,8.91,0.15,-0.62,-0.85,-1.1,3,2.98,-39.01,-1.53,1.8
5.16,-1.47,-21.55,3.83,-21.55,-1.09,3.3,-0.74,8.91,-0.07,-0.63,-0.85,-1.11,2.98,2.98,-39.28,-1.52,1.84
5.18,-1.41,-19.05,3.83,-19.05,-1.16,3.59,0.86,8.96,0.4,-0.65,-0.84,-1.12,2.96,2.96,-39.64,-1.5,1.89
5.19,-1.66,-16.74,2.96,-18.24,-1.29,3.64,-0.14,8.88,0.1,-0.66,-0.84,-1.12,2.95,2.96,-39.94,-1.47,1.95
5.21,-1.84,-16.3,2.77,-16.3,-1.45,3.37,0.89,8.99,0.6,-0.67,-0.84,-1.13,2.93,2.92,-40.14,-1.46,2
5.22,-2.22,-14.43,1.83,-14.43,-1.67,2.95,-0.11,8.84,0,-0.68,-0.84,-1.13,2.92,2.92,-40.38,-1.45,2.05
5.24,-2.28,-12.87,1.02,-12.87,-1.91,2.4,0.34,8.87,0.28,-0.7,-0.85,-1.14,2.9,2.96,-40.59,-1.44,2.1
5.25,-2.41,-11.99,0.27,-11.99,-2.07,1.74,0.24,8.85,0.37,-0.71,-0.85,-1.14,2.9,2.96,-40.76,-1.44,2.14
5.27,-2.59,-10.49,-0.92,-10.49,-2.25,0.93,0.22,8.83,0.13,-0.72,-0.86,-1.14,2.89,2.96,-40.95,-1.46,2.17
5.28,-2.78,-9.74,-1.48,-9.74,-2.42,0.13,-0.1,8.79,0.27,-0.74,-0.87,-1.15,2.88,2.92,-41.11,-1.48,2.2
5.3,-3.28,-8.24,-2.79,-8.24,-2.69,-0.78,-0.06,8.77,0.16,-0.75,-0.88,-1.15,2.87,2.92,-41.23,-1.51,2.22
5.31,-3.59,-7.05,-3.42,-7.05,-2.97,-1.66,0.12,8.8,-0.12,-0.77,-0.89,-1.16,2.86,2.89,-41.35,-1.56,2.24
5.32,-3.53,-4.8,-4.92,-6.43,-3.2,-2.53,-0.1,8.93,0.29,-0.78,-0.89,-1.16,2.85,2.89,-41.43,-1.61,2.24
5.34,-3.47,-4.37,-5.29,-4.37,-3.32,-3.45,0.12,8.93,0.37,-0.79,-0.88,-1.16,2.84,2.85,-41.5,-1.67,2.24
5.36,-4.34,-2.43,-6.04,-2.43,-3.57,-4.35,0.2,8.98,0.02,-0.8,-0.88,-1.17,2.83,2.85,-41.56,-1.76,2.23
5.37,-4.09,-1.18,-6.42,-1.18,-3.83,-5.02,0.68,9.01,0.36,-0.81,-0.86,-1.17,2.82,2.85,-41.58,-1.83,2.22
5.38,-4.03,1.88,-6.92,0.38,-3.96,-5.63,0.22,8.82,-0.03,-0.83,-0.86,-1.18,2.8,2.81,-41.58,-1.94,2.19
5.4,-4.03,2.57,-6.42,2.57,-3.99,-6,1.01,8.88,0.29,-0.84,-0.86,-1.19,2.79,2.81,-41.54,-2.05,2.16
5.41,-4.78,4.2,-6.61,4.2,-4.22,-6.21,-0.26,8.69,-0.06,-0.85,-0.88,-1.19,2.78,2.79,-41.49,-2.14,2.14
5.43,-4.03,7.13,-6.23,7.13,-4.27,-6.24,0.78,8.69,-0.07,-0.87,-0.9,-1.2,2.76,2.79,-41.41,-2.24,2.11
5.45,-3.72,10.45,-6.04,8.2,-4.22,-6.14,0.03,8.69,0.06,-0.89,-0.92,-1.21,2.75,2.75,-41.27,-2.37,2.08
5.46,-3.34,12.01,-5.61,12.01,-3.99,-6.06,1.2,8.93,-0.06,-0.9,-0.93,-1.22,2.73,2.75,-41.14,-2.46,2.06
5.47,-3.28,13.82,-5.11,13.82,-3.74,-5.84,0.86,8.77,-0.03,-0.91,-0.93,-1.23,2.72,2.75,-40.98,-2.54,2.03
5.49,-2.59,17.32,-4.36,17.32,-3.46,-5.44,0.1,8.73,0,-0.93,-0.94,-1.24,2.7,2.72,-40.68,-2.67,2
5.5,-1.91,19.13,-3.92,19.13,-2.94,-4.91,0.11,8.83,-0.18,-0.94,-0.93,-1.25,2.69,2.72,-40.42,-2.75,1.97
5.51,-1.09,23.07,-3.04,21.51,-2.48,-4.44,0.08,8.85,0.03,-0.95,-0.93,-1.25,2.68,2.69,-40.16,-2.81,1.95
5.53,-0.91,26.88,-2.23,25.2,-1.92,-3.84,0.27,8.75,-0.14,-0.97,-0.93,-1.26,2.66,2.69,-39.71,-2.89,1.92
5.55,0.03,28.7,-1.73,28.7,-1.44,-3.19,0.13,8.77,-0.05,-0.99,-0.94,-1.27,2.65,2.69,-39.31,-2.94,1.89
5.56,0.28,31.07,-1.42,31.07,-0.85,-2.59,0.65,8.74,0.33,-1,-0.94,-1.27,2.64,2.68,-38.95,-2.97,1.87
5.58,1.16,35.38,-0.67,33.13,-0.19,-2.03,0.23,8.78,-0.22,-1.01,-0.94,-1.28,2.63,2.68,-38.44,-3,1.85
5.59,1.22,36.88,-0.11,36.88,0.32,-1.41,0.96,8.82,0.31,-1.03,-0.94,-1.28,2.62,2.67,-37.89,-3.01,1.83
5.61,2.16,41.51,0.52,39.2,0.78,-0.82,0.15,8.73,0.03,-1.04,-0.94,-1.29,2.61,2.67,-37.37,-3.01,1.81
5.62,2.78,43.63,0.58,43.63,1.42,-0.31,0.88,8.81,0.26,-1.06,-0.95,-1.29,2.6,2.64,-36.67,-3.01,1.8
5.64,2.53,47.38,0.77,47.38,1.93,0.06,0.46,8.8,0.23,-1.07,-0.95,-1.3,2.59,2.64,-35.97,-2.98,1.78
5.65,2.97,49.01,1.08,49.01,2.24,0.39,-0.09,8.82,0,-1.08,-0.95,-1.31,2.58,2.64,-35.3,-2.96,1.76
5.66,3.28,52.13,0.96,51.26,2.66,0.59,0.55,8.84,0.4,-1.1,-0.95,-1.31,2.57,2.62,-34.56,-2.92,1.75
5.68,2.91,54.13,0.58,54.13,2.85,0.68,-0.01,8.76,0.14,-1.11,-0.95,-1.32,2.56,2.62,-33.85,-2.89,1.74
5.7,3.34,57.26,0.08,55.32,3,0.61,0.5,8.66,0.41,-1.13,-0.95,-1.33,2.55,2.58,-32.93,-2.84,1.72
5.71,2.72,58.45,-0.17,58.45,3,0.36,0.22,8.69,0.42,-1.14,-0.97,-1.34,2.53,2.58,-32.01,-2.8,1.7
5.72,2.97,61.32,-0.92,59.63,2.8,0.07,0.49,8.61,0.22,-1.16,-0.99,-1.34,2.52,2.61,-31.24,-2.76,1.68
5.74,2.41,62.51,-1.23,62.51,2.8,-0.33,0.36,8.6,0.54,-1.18,-1.01,-1.35,2.51,2.54,-30.38,-2.73,1.66
5.75,2.47,65.2,-2.04,63.76,2.62,-0.77,0,8.59,0.22,-1.19,-1.03,-1.37,2.49,2.54,-29.36,-2.7,1.63
5.77,1.97,66.51,-2.42,65.2,2.56,-1.24,0.34,8.66,0.25,-1.21,-1.04,-1.37,2.48,2.51,-28.59,-2.68,1.6
5.78,1.78,67.38,-3.23,67.38,2.32,-1.77,0.06,8.68,0.47,-1.22,-1.05,-1.38,2.47,2.51,-27.72,-2.66,1.57
5.8,1.34,69.76,-3.54,69.76,2.03,-2.37,0.35,8.65,0.19,-1.24,-1.05,-1.4,2.45,2.4,-26.32,-2.64,1.51
5.81,1.28,70.7,-4.11,70.7,1.77,-2.92,0.03,8.68,0.37,-1.26,-1.06,-1.41,2.43,2.4,-25.48,-2.63,1.47
5.82,0.28,73.38,-5.11,71.82,1.31,-3.49,0.35,8.69,0.48,-1.27,-1.06,-1.43,2.41,2.4,-24.55,-2.63,1.43
5.84,0.28,75.07,-5.29,75.07,0.93,-4.13,0.13,8.67,0.47,-1.29,-1.06,-1.45,2.37,2.28,-23.22,-2.64,1.36
5.86,-0.28,76.76,-5.36,75.76,0.62,-4.58,0.39,8.75,0.6,-1.3,-1.07,-1.47,2.34,2.28,-22.25,-2.65,1.3
5.87,-0.53,78.38,-5.73,78.38,0.26,-4.91,0.32,8.76,0.42,-1.32,-1.06,-1.48,2.31,2,-21.34,-2.67,1.25
5.89,-0.91,80.76,-5.61,79.51,-0.07,-5.16,0.25,8.75,0.45,-1.34,-1.05,-1.53,2.24,2,-19.81,-2.7,1.15
5.9,-1.03,82.07,-5.54,82.07,-0.4,-5.31,0.19,8.74,0.76,-1.35,-1.04,-1.56,2.19,1.79,-18.68,-2.73,1.09
5.91,-1.16,83.88,-5.48,83.88,-0.66,-5.38,0.39,8.76,0.37,-1.36,-1.04,-1.6,2.12,1.79,-17.69,-2.76,1.03
5.93,-1.22,86.63,-5.23,86.63,-0.92,-5.36,0.33,8.68,0.75,-1.38,-1.04,-1.64,2.05,1.79,-16.31,-2.8,0.95
5.95,-1.22,90.7,-4.67,88.2,-1.08,-5.15,0.39,8.84,-0.02,-1.39,-1.02,-1.67,1.98,1.64,-14.89,-2.84,0.87
5.96,-1.53,91.63,-4.04,91.63,-1.17,-4.9,0.79,8.8,0.63,-1.4,-1.01,-1.71,1.91,1.64,-13.8,-2.86,0.81
5.97,-1.16,93.51,-3.86,93.51,-1.19,-4.53,0.13,8.81,0.29,-1.42,-1,-1.74,1.84,1.6,-12.25,-2.9,0.74
5.99,-0.66,96.32,-3.11,96.32,-1.08,-4.12,0.67,8.84,0,-1.43,-0.99,-1.77,1.78,1.6,-10.89,-2.93,0.69
6,-0.91,97.07,-2.79,97.07,-0.97,-3.68,0.19,8.72,0.58,-1.45,-0.99,-1.8,1.73,1.6,-9.53,-2.95,0.63
6.02,-0.41,100.07,-2.48,98.63,-1.04,-3.28,0.49,7.45,0.17,-1.47,-1.06,-1.82,1.7,1.67,-8.07,-2.98,0.59
6.03,-0.41,101.13,-2.36,101.13,-0.81,-2.96,-0.17,3.79,0.6,-1.54,-1.32,-1.85,1.67,1.67,-6.51,-2.99,0.54
6.05,-0.53,102.7,-2.54,102.7,-0.72,-2.75,0.26,3.05,0.49,-1.63,-1.98,-1.93,1.64,1.72,-4.97,-3.01,0.5
6.06,-0.53,103.32,-2.61,103.32,-0.65,-2.68,0.37,1.91,0.33,-1.75,-2.67,-2.02,1.62,1.72,-3.34,-3.02,0.46
6.08,-0.78,104.76,-2.67,104.76,-0.67,-2.67,0.15,1.24,0.49,-1.86,-3.4,-2.11,1.61,1.81,-1.87,-3.03,0.42
6.09,-0.41,105.95,-2.67,105.95,-0.63,-2.67,0.36,0.83,0.39,-2.01,-4.09,-2.2,1.61,1.81,-0.14,-3.05,0.38
6.11,-0.47,106.88,-2.67,106.88,-0.57,-2.66,-0.04,0.65,0.36,-2.14,-4.76,-2.32,1.6,1.81,1.49,-3.06,0.34
6.12,-0.53,107.63,-2.48,107.63,-0.54,-2.62,0.57,0.56,0.65,-2.26,-5.36,-2.4,1.62,1.96,2.86,-3.06,0.3
6.14,-0.59,109.13,-2.36,109.13,-0.51,-2.54,0,0.49,0.41,-2.4,-5.89,-2.5,1.63,1.96,4.54,-3.07,0.26
6.15,-0.72,110.2,-2.36,110.2,-0.58,-2.47,0.45,0.44,0.84,-2.56,-6.35,-2.61,1.64,2.07,6.34,-3.07,0.22
6.17,-0.78,111.82,-2.11,110.82,-0.67,-2.35,0.05,0.49,0.59,-2.67,-6.75,-2.68,1.67,2.07,7.69,-3.08,0.19
6.18,-1.16,112.51,-1.86,112.51,-0.75,-2.24,0.08,0.45,0.46,-2.81,-7.1,-2.78,1.69,2.17,9.35,-3.08,0.15
6.2,-1.16,114.32,-1.73,114.32,-0.86,-2.06,0.05,0.5,0.81,-2.99,-7.39,-2.91,1.71,2.17,11.57,-3.09,0.11
6.21,-1.22,115.32,-1.79,115.32,-0.99,-1.95,0.04,0.45,0.54,-3.1,-7.65,-2.98,1.74,2.17,12.94,-3.09,0.08
6.23,-1.53,116.63,-1.54,115.82,-1.14,-1.82,0.02,0.5,0.91,-3.23,-7.87,-3.05,1.78,2.31,14.58,-3.1,0.06
6.25,-1.78,118.2,-1.42,117.51,-1.33,-1.73,0.34,0.55,0.56,-3.41,-8.06,-3.17,1.8,2.31,16.77,-3.12,0.02
6.26,-1.84,118.51,-1.61,118.2,-1.49,-1.62,0.32,0.56,0.7,-3.52,-8.21,-3.25,1.84,2.36,18.19,-3.13,0
6.27,-2.03,119.51,-1.54,119.51,-1.64,-1.61,-0.02,0.56,0.88,-3.63,-8.35,-3.32,1.88,2.36,19.61,-3.14,-0.03
6.29,-2.22,120.76,-1.61,120.76,-1.85,-1.59,0.31,0.6,0.61,-3.8,-8.46,-3.45,1.89,2.49,21.89,-3.16,-0.07
6.3,-2.53,121.2,-1.73,121.2,-2.05,-1.62,-0.06,0.58,0.99,-3.94,-8.56,-3.53,1.93,2.49,23.66,-3.18,-0.1
6.32,-2.47,122.45,-1.61,121.95,-2.23,-1.64,0.26,0.58,0.65,-4.05,-8.64,-3.6,1.97,2.49,25.12,-3.19,-0.13
6.34,-3.03,123.07,-1.67,122.51,-2.37,-1.6,-0.18,0.59,1.01,-4.23,-8.71,-3.71,1.99,2.5,27.53,-3.22,-0.18
6.35,-2.97,123.45,-1.61,123.45,-2.61,-1.62,0.21,0.6,0.74,-4.36,-8.78,-3.82,2,2.5,29.37,-3.24,-0.22
6.36,-2.97,123.32,-1.61,123.32,-2.74,-1.62,-0.12,0.64,0.71,-4.47,-8.83,-3.89,2.03,2.57,30.82,-3.26,-0.25
6.38,-3.34,123.01,-1.73,123.01,-2.93,-1.65,0.04,0.67,1.06,-4.62,-8.87,-4,2.05,2.57,32.89,-3.28,-0.3
6.39,-3.53,123.13,-1.73,123.13,-3.12,-1.68,-0.37,0.65,0.78,-4.77,-8.9,-4.09,2.07,2.63,34.92,-3.31,-0.35
6.41,-4.03,122.01,-1.98,122.82,-3.35,-1.75,-0.15,0.63,1.16,-4.89,-8.93,-4.18,2.1,2.63,36.46,-3.33,-0.39
6.43,-4.28,120.63,-2.29,121.45,-3.61,-1.88,-0.33,0.65,0.45,-5.05,-8.95,-4.28,2.11,2.63,38.66,-3.36,-0.46
6.44,-4.59,119.63,-2.48,119.63,-3.89,-2.05,-0.28,0.69,0.77,-5.18,-8.97,-4.39,2.12,2.67,40.4,-3.39,-0.52
6.45,-4.91,118.63,-2.92,118.63,-4.24,-2.34,0.04,0.69,1.23,-5.31,-8.98,-4.48,2.14,2.67,42.11,-3.41,-0.58
6.47,-5.22,115.76,-3.54,115.76,-4.57,-2.68,-0.39,0.73,0.44,-5.45,-9,-4.58,2.16,2.7,43.85,-3.43,-0.65
6.49,-5.72,111.88,-4.48,113.63,-4.89,-3.08,0.06,0.76,1.19,-5.6,-9,-4.67,2.18,2.7,45.74,-3.45,-0.74
6.5,-5.72,109.88,-4.86,109.88,-5.19,-3.67,-0.32,0.81,0.53,-5.76,-9,-4.8,2.17,2.71,47.72,-3.47,-0.85
6.51,-5.72,108.01,-5.42,108.01,-5.39,-4.28,0.09,0.87,1.02,-5.86,-8.99,-4.87,2.19,2.71,48.99,-3.48,-0.92
6.53,-5.97,103.76,-6.48,103.76,-5.57,-4.92,-0.18,0.82,1.17,-5.99,-8.98,-4.96,2.2,2.71,50.48,-3.48,-1.03
6.55,-5.91,99.76,-7.73,101.51,-5.7,-5.62,-0.43,0.83,0.7,-6.16,-8.97,-5.08,2.19,2.71,52.42,-3.46,-1.17
6.56,-5.72,96.95,-8.11,96.95,-5.76,-6.44,0.21,0.92,1.13,-6.26,-8.96,-5.17,2.2,2.71,53.61,-3.45,-1.27
6.57,-5.66,95.7,-8.98,95.7,-5.73,-7.24,-0.37,0.9,0.94,-6.38,-8.95,-5.24,2.22,2.78,54.86,-3.42,-1.38
6.59,-5.66,91.26,-9.86,91.26,-5.67,-8.08,0.2,1.04,1.27,-6.57,-8.93,-5.38,2.2,2.78,56.87,-3.35,-1.58
6.61,-5.47,86.88,-10.73,87.38,-5.63,-8.83,-0.58,0.98,0.82,-6.68,-8.9,-5.47,2.21,2.74,58.02,-3.3,-1.7
6.62,-5.09,83.51,-10.92,83.51,-5.53,-9.55,0.06,0.95,0.67,-6.78,-8.89,-5.54,2.23,2.74,59.03,-3.24,-1.81
6.64,-5.03,79.88,-11.73,82.63,-5.43,-10.17,-0.48,0.99,1.13,-6.94,-8.88,-5.65,2.22,2.74,60.5,-3.13,-1.98
6.65,-4.91,78.38,-12.17,78.38,-5.27,-10.8,-0.89,1,0.6,-7.07,-8.86,-5.76,2.2,2.68,61.67,-3.04,-2.13
6.66,-4.59,75.76,-12.36,75.76,-5.07,-11.34,0.17,1.13,0.54,-7.17,-8.84,-5.84,2.2,2.68,62.6,-2.95,-2.24
6.68,-4.34,71.82,-13.04,71.82,-4.92,-11.92,-0.65,1.06,0.88,-7.33,-8.82,-5.97,2.17,2.67,63.98,-2.79,-2.42
6.7,-4.28,67.38,-13.79,69.95,-4.69,-12.45,-0.62,1.09,0.71,-7.48,-8.8,-6.08,2.15,2.67,65.18,-2.64,-2.59
6.71,-4.03,65.82,-14.17,65.82,-4.51,-12.99,-0.75,1.02,0.76,-7.58,-8.79,-6.16,2.15,2.57,65.99,-2.53,-2.7
6.73,-3.66,61.51,-14.86,62.88,-4.26,-13.4,-0.24,1.18,0.21,-7.73,-8.77,-6.27,2.12,2.57,67.08,-2.35,-2.86
6.74,-3.34,59.13,-14.92,59.13,-3.97,-13.95,-0.51,1.24,0.69,-7.86,-8.74,-6.38,2.09,2.53,67.98,-2.18,-2.99
6.76,-2.66,54.7,-15.48,57.45,-3.63,-14.46,-0.06,1.22,0.44,-7.98,-8.72,-6.48,2.07,2.53,68.8,-2.02,-3.11
6.78,-2.72,52.95,-15.98,52.95,-3.28,-14.94,-0.54,1.16,0.18,-8.12,-8.7,-6.59,2.04,2.53,69.73,-1.8,-3.26
6.79,-2.22,49.57,-16.54,49.57,-2.98,-15.4,-0.36,1.21,0.37,-8.25,-8.67,-6.71,1.99,2.37,70.54,-1.6,-3.38
6.8,-2.28,45.76,-16.73,45.76,-2.71,-15.86,-0.63,1.32,0.06,-8.38,-8.65,-6.82,1.95,2.37,71.25,-1.4,-3.49
6.82,-2.09,40.82,-17.04,44.01,-2.57,-16.18,-0.45,1.7,0.88,-8.5,-8.62,-6.92,1.92,2.31,71.92,-1.18,-3.61
6.84,-19.53,9.32,-71.23,9.32,-5.99,-27.67,-2.36,27.27,-1.84,-8.32,-6.74,-6.85,1.89,2.31,72.33,-0.91,-3.75
6.85,39.34,162.7,-134.29,162.7,-3.27,-62.63,26.93,33.74,16.23,-7.93,-2.77,-6.56,1.86,2.15,72.32,-0.22,-4.09
6.86,-12.28,-117.05,-152.92,-117.05,-2.62,-94.58,-35.11,-5.05,-23.09,-8.11,-2.74,-6.58,1.81,2.15,72.51,0.98,-4.46
6.88,-33.47,-36.43,-117.98,-36.43,-6.45,-109.03,-37.95,-2.37,-26.82,-8.3,-4.29,-6.75,1.76,2.15,71.75,2.41,-4.98
6.9,-23.09,125.32,-148.04,125.32,-14.3,-118.53,0.86,-1.1,11.15,-8.47,-5.11,-6.88,1.72,2.07,72.59,4.13,-5.76
6.91,11.72,207.32,-163.48,207.32,-8.47,-134.82,-7.08,1.19,-25.59,-8.62,-5.81,-7.02,1.65,2.07,75.22,5.96,-6.49
6.93,3.66,169.57,-158.67,169.57,-2.66,-144.43,4,1.04,2.16,-8.73,-6.19,-7.11,1.63,1.97,77.74,7.67,-6.95
6.94,17.41,133.01,-152.61,133.01,2.65,-148.78,-1.07,8.38,-12.22,-8.78,-6.04,-7.18,1.57,1.97,80.49,9.98,-7.39
6.96,11.53,82.57,-150.86,82.57,6.39,-149.68,1.67,13.57,2.6,-8.71,-4.82,-7.14,1.53,1.83,82.51,12.4,-7.66
6.97,17.34,70.63,-155.73,75.01,8.42,-151.09,-1.84,3.25,-5.7,-8.71,-3.71,-7.08,1.5,1.83,83.67,14.21,-7.78
6.98,20.66,68.32,-157.79,68.32,12.08,-153.03,1.59,3.24,-0.09,-8.8,-4.07,-7.16,1.45,1.83,84.97,16.4,-7.85
7,24.84,50.01,-165.98,50.01,15.66,-156.74,-1.53,6.54,-2.17,-8.89,-4.23,-7.24,1.36,1.75,86.72,19.48,-7.79
7.01,27.41,46.07,-170.73,46.07,19.59,-161.14,-1.75,5.42,-2.87,-8.93,-4.11,-7.26,1.34,1.75,87.54,21.38,-7.67
7.03,31.22,32.63,-177.98,48.32,22.75,-165.59,-2.5,3.95,2.56,-9,-4.13,-7.29,1.31,1.66,88.52,23.73,-7.44
7.05,33.22,22.63,-186.67,26.63,26.32,-170.99,-2.87,2.81,1.15,-9.1,-4.27,-7.37,1.23,1.66,89.52,27.01,-7.02
7.06,35.72,25.63,-190.67,22.63,28.87,-176.79,-2.32,3.22,2.74,-9.18,-4.56,-7.44,1.2,1.53,-269.94,29.19,-6.68
